"Phono.orig","Phono","n_phon","P01","P02","P03","P04","P05","P06","P07","P08","P09","Pfreq01","Pfreq02","Pfreq03","Pfreq04","Pfreq05","Pfreq06","Pfreq07","Pfreq08","Pfreq09","Pfreq_sum","Pfreq_mean","B0102","B0203","B0304","B0405","B0506","B0607","B0708","B0809","Bfreq0102","Bfreq0203","Bfreq0304","Bfreq0405","Bfreq0506","Bfreq0607","Bfreq0708","Bfreq0809","Bfreq_sum","Bfreq_mean","CondTP01","CondTP02","CondTP03","CondTP04","CondTP05","CondTP06","CondTP07","CondTP08","CondTP09","N_sum","N_prop","N_loc_mean","N_loc_sd","N_loc_mean_norm","N_loc_sd_norm","neighbors"
"ad","ad",2,"a","d",NA,NA,NA,NA,NA,NA,NA,0.0235849056603774,0.014218009478673,NA,NA,NA,NA,NA,NA,NA,0.0378029151390503,0.0189014575695252,"ad",NA,NA,NA,NA,NA,NA,NA,0.004739336492891,NA,NA,NA,NA,NA,NA,NA,0.004739336492891,0.004739336492891,0.0235849056603774,0.2,NA,NA,NA,NA,NA,NA,NA,4,0.0188679245283019,1,0.866025403784439,0.5,0.433012701892219,"ad ar gad rad"
"ar","ar",2,"a","r",NA,NA,NA,NA,NA,NA,NA,0.0235849056603774,0.180094786729858,NA,NA,NA,NA,NA,NA,NA,0.203679692390235,0.101839846195118,"ar",NA,NA,NA,NA,NA,NA,NA,0.018957345971564,NA,NA,NA,NA,NA,NA,NA,0.018957345971564,0.018957345971564,0.0235849056603774,0.8,NA,NA,NA,NA,NA,NA,NA,8,0.0377358490566038,1.28571428571429,0.994029797388005,0.642857142857143,0.497014898694002,"ad ar ark art bar kar par tar"
"ark","ark",3,"a","r","k",NA,NA,NA,NA,NA,NA,0.0235849056603774,0.180094786729858,0.0862944162436548,NA,NA,NA,NA,NA,NA,0.28997410863389,0.0966580362112967,"ar","rk",NA,NA,NA,NA,NA,NA,0.018957345971564,0.0050761421319797,NA,NA,NA,NA,NA,NA,0.0240334881035437,0.0120167440517718,0.0235849056603774,0.8,0.25,NA,NA,NA,NA,NA,NA,6,0.0283018867924528,1.5,1.36930639376292,0.5,0.456435464587638,"ar ark art bark dark park"
"art","art",3,"a","r","t",NA,NA,NA,NA,NA,NA,0.0235849056603774,0.180094786729858,0.121827411167513,NA,NA,NA,NA,NA,NA,0.325507103557748,0.108502367852583,"ar","rt",NA,NA,NA,NA,NA,NA,0.018957345971564,0.0101522842639594,NA,NA,NA,NA,NA,NA,0.0291096302355234,0.0145548151177617,0.0235849056603774,0.8,0.5,NA,NA,NA,NA,NA,NA,5,0.0235849056603774,1.75,1.44337567297406,0.583333333333333,0.481125224324688,"ar ark art dart part"
"art^st","art_st",6,"a","r","t","_","s","t",NA,NA,NA,0.0235849056603774,0.180094786729858,0.121827411167513,0.180327868852459,0.0526315789473684,0.192307692307692,NA,NA,NA,0.750774243665268,0.125129040610878,"ar","rt","t_","_s","st",NA,NA,NA,0.018957345971564,0.0101522842639594,0.0327868852459016,0.0350877192982456,0.0384615384615385,NA,NA,NA,0.135445773241209,0.0270891546482418,0.0235849056603774,0.8,0.5,0.5,1,1,NA,NA,NA,1,0.00471698113207547,NA,NA,NA,NA,"art_st"
"bab","bab",3,"b","a","b",NA,NA,NA,NA,NA,NA,0.10377358490566,0.232227488151659,0.0456852791878173,NA,NA,NA,NA,NA,NA,0.381686352245136,0.127228784081712,"ba","ab",NA,NA,NA,NA,NA,NA,0.033175355450237,0.0203045685279188,NA,NA,NA,NA,NA,NA,0.0534799239781557,0.0267399619890779,0.10377358490566,0.318181818181818,0.285714285714286,NA,NA,NA,NA,NA,NA,4,0.0188679245283019,2.5,1.3228756555323,0.833333333333333,0.440958551844098,"bab babi bar rab"
"babi","babi",4,"b","a","b","i",NA,NA,NA,NA,NA,0.10377358490566,0.232227488151659,0.0456852791878173,0.131147540983607,NA,NA,NA,NA,NA,0.512833893228743,0.128208473307186,"ba","ab","bi",NA,NA,NA,NA,NA,0.033175355450237,0.0203045685279188,0.0163934426229508,NA,NA,NA,NA,NA,0.0698733666011066,0.0232911222003689,0.10377358490566,0.318181818181818,0.285714285714286,0.5,NA,NA,NA,NA,NA,4,0.0188679245283019,2.66666666666667,1.52752523165195,0.666666666666667,0.381881307912987,"bab babi badi labi"
"badi","badi",4,"b","a","d","i",NA,NA,NA,NA,NA,0.10377358490566,0.232227488151659,0.0355329949238579,0.131147540983607,NA,NA,NA,NA,NA,0.502681608964784,0.125670402241196,"ba","ad","di",NA,NA,NA,NA,NA,0.033175355450237,0.0152284263959391,0.00819672131147541,NA,NA,NA,NA,NA,0.0566005031576515,0.0188668343858838,0.10377358490566,0.318181818181818,0.142857142857143,1,NA,NA,NA,NA,NA,2,0.00943396226415094,3,NA,0.75,NA,"babi badi"
"baks","baks",4,"b","a","k","s",NA,NA,NA,NA,NA,0.10377358490566,0.232227488151659,0.0862944162436548,0.0573770491803279,NA,NA,NA,NA,NA,0.479672538481302,0.119918134620325,"ba","ak","ks",NA,NA,NA,NA,NA,0.033175355450237,0.0304568527918782,0.0163934426229508,NA,NA,NA,NA,NA,0.080025650865066,0.026675216955022,0.10377358490566,0.318181818181818,0.142857142857143,1,NA,NA,NA,NA,NA,1,0.00471698113207547,NA,NA,NA,NA,"baks"
"bar","bar",3,"b","a","r",NA,NA,NA,NA,NA,NA,0.10377358490566,0.232227488151659,0.126903553299492,NA,NA,NA,NA,NA,NA,0.462904626356812,0.154301542118937,"ba","ar",NA,NA,NA,NA,NA,NA,0.033175355450237,0.0913705583756345,NA,NA,NA,NA,NA,NA,0.124545913825871,0.0622729569129357,0.10377358490566,0.318181818181818,0.285714285714286,NA,NA,NA,NA,NA,NA,7,0.0330188679245283,1.75,1.17260393995586,0.583333333333333,0.390867979985286,"ar bab bar bark kar par tar"
"bark","bark",4,"b","a","r","k",NA,NA,NA,NA,NA,0.10377358490566,0.232227488151659,0.126903553299492,0.0737704918032787,NA,NA,NA,NA,NA,0.53667511816009,0.134168779540023,"ba","ar","rk",NA,NA,NA,NA,NA,0.033175355450237,0.0913705583756345,0.0245901639344262,NA,NA,NA,NA,NA,0.149136077760298,0.0497120259200992,0.10377358490566,0.318181818181818,0.285714285714286,0.5,NA,NA,NA,NA,NA,5,0.0235849056603774,1.75,1.5,0.4375,0.375,"ark bar bark dark park"
"bat^l","bat_l",5,"b","a","t","_","l",NA,NA,NA,NA,0.10377358490566,0.232227488151659,0.121827411167513,0.180327868852459,0.175438596491228,NA,NA,NA,NA,0.813594949568519,0.162718989913704,"ba","at","t_","_l",NA,NA,NA,NA,0.033175355450237,0.0304568527918782,0.0327868852459016,0.157894736842105,NA,NA,NA,NA,0.254313830330122,0.0635784575825305,0.10377358490566,0.318181818181818,0.142857142857143,1,1,NA,NA,NA,NA,1,0.00471698113207547,NA,NA,NA,NA,"bat_l"
"bi","bi",2,"b","i",NA,NA,NA,NA,NA,NA,NA,0.10377358490566,0.151658767772512,NA,NA,NA,NA,NA,NA,NA,0.255432352678172,0.127716176339086,"bi",NA,NA,NA,NA,NA,NA,NA,0.014218009478673,NA,NA,NA,NA,NA,NA,NA,0.014218009478673,0.014218009478673,0.10377358490566,0.136363636363636,NA,NA,NA,NA,NA,NA,NA,7,0.0330188679245283,1.25,0.612372435695794,0.625,0.306186217847897,"bi bit Si ki pi si ti"
"bist","bist",4,"b","i","s","t",NA,NA,NA,NA,NA,0.10377358490566,0.151658767772512,0.0558375634517767,0.131147540983607,NA,NA,NA,NA,NA,0.442417457113555,0.110604364278389,"bi","is","st",NA,NA,NA,NA,NA,0.014218009478673,0.0203045685279188,0.0327868852459016,NA,NA,NA,NA,NA,0.0673094632524934,0.0224364877508311,0.10377358490566,0.136363636363636,0.333333333333333,1,NA,NA,NA,NA,NA,5,0.0235849056603774,1.75,0.957427107756338,0.4375,0.239356776939085,"bist bit bust ist list"
"bit","bit",3,"b","i","t",NA,NA,NA,NA,NA,NA,0.10377358490566,0.151658767772512,0.121827411167513,NA,NA,NA,NA,NA,NA,0.377259763845685,0.125753254615228,"bi","it",NA,NA,NA,NA,NA,NA,0.014218009478673,0.0152284263959391,NA,NA,NA,NA,NA,NA,0.0294464358746121,0.014723217937306,0.10377358490566,0.136363636363636,0.333333333333333,NA,NA,NA,NA,NA,NA,8,0.0377358490566038,1.78571428571429,0.809173593712687,0.595238095238095,0.269724531237562,"bi bist bit but b_t Sit it sit"
"blak","blak",4,"b","l","a","k",NA,NA,NA,NA,NA,0.10377358490566,0.0663507109004739,0.111675126903553,0.0737704918032787,NA,NA,NA,NA,NA,0.355569914512966,0.0888924786282416,"bl","la","ak",NA,NA,NA,NA,NA,0.014218009478673,0.0203045685279188,0.0245901639344262,NA,NA,NA,NA,NA,0.059112741941018,0.0197042473136727,0.10377358490566,0.136363636363636,0.333333333333333,1,NA,NA,NA,NA,NA,3,0.0141509433962264,1,0,0.25,0,"blak klak lak"
"blu","blu",3,"b","l","u",NA,NA,NA,NA,NA,NA,0.10377358490566,0.0663507109004739,0.0761421319796954,NA,NA,NA,NA,NA,NA,0.24626642778583,0.0820888092619433,"bl","lu",NA,NA,NA,NA,NA,NA,0.014218009478673,0.0152284263959391,NA,NA,NA,NA,NA,NA,0.0294464358746121,0.014723217937306,0.10377358490566,0.136363636363636,0.333333333333333,NA,NA,NA,NA,NA,NA,3,0.0141509433962264,1,0,0.333333333333333,0,"blu glu klu"
"bl^d","bl_d",4,"b","l","_","d",NA,NA,NA,NA,NA,0.10377358490566,0.0663507109004739,0.0812182741116751,0.0901639344262295,NA,NA,NA,NA,NA,0.341506504344039,0.0853766260860097,"bl","l_","_d",NA,NA,NA,NA,NA,0.014218009478673,0.0253807106598985,0.0245901639344262,NA,NA,NA,NA,NA,0.0641888840729977,0.0213962946909992,0.10377358490566,0.136363636363636,0.333333333333333,1,NA,NA,NA,NA,NA,1,0.00471698113207547,NA,NA,NA,NA,"bl_d"
"brid","brid",4,"b","r","i","d",NA,NA,NA,NA,NA,0.10377358490566,0.180094786729858,0.0761421319796954,0.0901639344262295,NA,NA,NA,NA,NA,0.450174438041443,0.112543609510361,"br","ri","id",NA,NA,NA,NA,NA,0.014218009478673,0.0406091370558376,0.0163934426229508,NA,NA,NA,NA,NA,0.0712205891574614,0.0237401963858205,0.10377358490566,0.136363636363636,0.333333333333333,1,NA,NA,NA,NA,NA,3,0.0141509433962264,2,1.4142135623731,0.5,0.353553390593274,"brid brud rid"
"brud","brud",4,"b","r","u","d",NA,NA,NA,NA,NA,0.10377358490566,0.180094786729858,0.0761421319796954,0.0901639344262295,NA,NA,NA,NA,NA,0.450174438041443,0.112543609510361,"br","ru","ud",NA,NA,NA,NA,NA,0.014218009478673,0.050761421319797,0.00819672131147541,NA,NA,NA,NA,NA,0.0731761521099454,0.0243920507033151,0.10377358490566,0.136363636363636,0.333333333333333,1,NA,NA,NA,NA,NA,2,0.00943396226415094,3,NA,0.75,NA,"brid brud"
"br^S","br_S",4,"b","r","_","S",NA,NA,NA,NA,NA,0.10377358490566,0.180094786729858,0.0812182741116751,0.040983606557377,NA,NA,NA,NA,NA,0.40607025230457,0.101517563076143,"br","r_","_S",NA,NA,NA,NA,NA,0.014218009478673,0.0406091370558376,0.0163934426229508,NA,NA,NA,NA,NA,0.0712205891574614,0.0237401963858205,0.10377358490566,0.136363636363636,0.333333333333333,1,NA,NA,NA,NA,NA,3,0.0141509433962264,1,0,0.25,0,"br_S kr_S r_S"
"bust","bust",4,"b","u","s","t",NA,NA,NA,NA,NA,0.10377358490566,0.0853080568720379,0.0558375634517767,0.131147540983607,NA,NA,NA,NA,NA,0.376066746213082,0.0940166865532704,"bu","us","st",NA,NA,NA,NA,NA,0.00947867298578199,0.0101522842639594,0.0327868852459016,NA,NA,NA,NA,NA,0.052417842495643,0.0174726141652143,0.10377358490566,0.0909090909090909,0.5,1,NA,NA,NA,NA,NA,3,0.0141509433962264,2.5,0.707106781186548,0.625,0.176776695296637,"bist bust but"
"but","but",3,"b","u","t",NA,NA,NA,NA,NA,NA,0.10377358490566,0.0853080568720379,0.121827411167513,NA,NA,NA,NA,NA,NA,0.310909052945211,0.103636350981737,"bu","ut",NA,NA,NA,NA,NA,NA,0.00947867298578199,0.0304568527918782,NA,NA,NA,NA,NA,NA,0.0399355257776602,0.0199677628888301,0.10377358490566,0.0909090909090909,0.5,NA,NA,NA,NA,NA,NA,7,0.0330188679245283,1.58333333333333,0.664580067912563,0.527777777777778,0.221526689304188,"bit bust but b_t Sut rut sut"
"b^b^l","b_b_l",5,"b","_","b","_","l",NA,NA,NA,NA,0.10377358490566,0.123222748815166,0.0456852791878173,0.180327868852459,0.175438596491228,NA,NA,NA,NA,0.628448078252331,0.125689615650466,"b_","_b","b_","_l",NA,NA,NA,NA,0.018957345971564,0.0203045685279188,0.0163934426229508,0.157894736842105,NA,NA,NA,NA,0.213550093964539,0.0533875234911347,0.10377358490566,0.181818181818182,0.25,1,1,NA,NA,NA,NA,2,0.00943396226415094,1,NA,0.2,NA,"b_b_l d_b_l"
"b^k","b_k",3,"b","_","k",NA,NA,NA,NA,NA,NA,0.10377358490566,0.123222748815166,0.0862944162436548,NA,NA,NA,NA,NA,NA,0.313290749964481,0.10443024998816,"b_","_k",NA,NA,NA,NA,NA,NA,0.018957345971564,0.0355329949238579,NA,NA,NA,NA,NA,NA,0.0544903408954219,0.0272451704477109,0.10377358490566,0.181818181818182,0.25,NA,NA,NA,NA,NA,NA,6,0.0283018867924528,1.8,1.09544511501033,0.6,0.365148371670111,"b_k b_s b_t d_k l_k s_k"
"b^s","b_s",3,"b","_","s",NA,NA,NA,NA,NA,NA,0.10377358490566,0.123222748815166,0.0558375634517767,NA,NA,NA,NA,NA,NA,0.282833897172603,0.094277965724201,"b_","_s",NA,NA,NA,NA,NA,NA,0.018957345971564,0.0152284263959391,NA,NA,NA,NA,NA,NA,0.0341857723675031,0.0170928861837515,0.10377358490566,0.181818181818182,0.25,NA,NA,NA,NA,NA,NA,4,0.0188679245283019,2.33333333333333,1.15470053837925,0.777777777777778,0.38490017945975,"b_k b_s b_t _s"
"b^t","b_t",3,"b","_","t",NA,NA,NA,NA,NA,NA,0.10377358490566,0.123222748815166,0.121827411167513,NA,NA,NA,NA,NA,NA,0.348823744888339,0.116274581629446,"b_","_t",NA,NA,NA,NA,NA,NA,0.018957345971564,0.0304568527918782,NA,NA,NA,NA,NA,NA,0.0494141987634422,0.0247070993817211,0.10377358490566,0.181818181818182,0.25,NA,NA,NA,NA,NA,NA,8,0.0377358490566038,1.85714285714286,0.899735410842437,0.619047619047619,0.299911803614146,"bit but b_k b_s b_t S_t k_t p_t"
"dal","dal",3,"d","a","l",NA,NA,NA,NA,NA,NA,0.0754716981132075,0.232227488151659,0.0862944162436548,NA,NA,NA,NA,NA,NA,0.393993602508521,0.131331200836174,"da","al",NA,NA,NA,NA,NA,NA,0.018957345971564,0.0203045685279188,NA,NA,NA,NA,NA,NA,0.0392619144994828,0.0196309572497414,0.0754716981132075,0.25,0.25,NA,NA,NA,NA,NA,NA,4,0.0188679245283019,2.33333333333333,0.577350269189626,0.777777777777778,0.192450089729875,"dal dat dil d_l"
"dark","dark",4,"d","a","r","k",NA,NA,NA,NA,NA,0.0754716981132075,0.232227488151659,0.126903553299492,0.0737704918032787,NA,NA,NA,NA,NA,0.508373231367637,0.127093307841909,"da","ar","rk",NA,NA,NA,NA,NA,0.018957345971564,0.0913705583756345,0.0245901639344262,NA,NA,NA,NA,NA,0.134918068281625,0.0449726894272082,0.0754716981132075,0.25,0.5,0.5,NA,NA,NA,NA,NA,5,0.0235849056603774,1.75,1.5,0.4375,0.375,"ark bark dark dart park"
"dart","dart",4,"d","a","r","t",NA,NA,NA,NA,NA,0.0754716981132075,0.232227488151659,0.126903553299492,0.131147540983607,NA,NA,NA,NA,NA,0.565750280547965,0.141437570136991,"da","ar","rt",NA,NA,NA,NA,NA,0.018957345971564,0.0913705583756345,0.0327868852459016,NA,NA,NA,NA,NA,0.1431147895931,0.0477049298643667,0.0754716981132075,0.25,0.5,0.5,NA,NA,NA,NA,NA,5,0.0235849056603774,2.25,1.5,0.5625,0.375,"art dark dart dat part"
"dat","dat",3,"d","a","t",NA,NA,NA,NA,NA,NA,0.0754716981132075,0.232227488151659,0.121827411167513,NA,NA,NA,NA,NA,NA,0.429526597432379,0.14317553247746,"da","at",NA,NA,NA,NA,NA,NA,0.018957345971564,0.0304568527918782,NA,NA,NA,NA,NA,NA,0.0494141987634422,0.0247070993817211,0.0754716981132075,0.25,0.25,NA,NA,NA,NA,NA,NA,7,0.0330188679245283,1.58333333333333,0.917423929634859,0.527777777777778,0.305807976544953,"dal dart dat gat Sat lat pat"
"did","did",3,"d","i","d",NA,NA,NA,NA,NA,NA,0.0754716981132075,0.151658767772512,0.0355329949238579,NA,NA,NA,NA,NA,NA,0.262663460809577,0.0875544869365258,"di","id",NA,NA,NA,NA,NA,NA,0.014218009478673,0.0203045685279188,NA,NA,NA,NA,NA,NA,0.0345225780065918,0.0172612890032959,0.0754716981132075,0.1875,0.333333333333333,NA,NA,NA,NA,NA,NA,6,0.0283018867924528,1.8,1.09544511501033,0.6,0.365148371670111,"did dil dip lid rid sid"
"dil","dil",3,"d","i","l",NA,NA,NA,NA,NA,NA,0.0754716981132075,0.151658767772512,0.0862944162436548,NA,NA,NA,NA,NA,NA,0.313424882129374,0.104474960709791,"di","il",NA,NA,NA,NA,NA,NA,0.014218009478673,0.0253807106598985,NA,NA,NA,NA,NA,NA,0.0395987201385715,0.0197993600692857,0.0754716981132075,0.1875,0.333333333333333,NA,NA,NA,NA,NA,NA,7,0.0330188679245283,2,0.894427190999916,0.666666666666667,0.298142396999972,"dal did dil dip d_l ril sil"
"dip","dip",3,"d","i","p",NA,NA,NA,NA,NA,NA,0.0754716981132075,0.151658767772512,0.0761421319796954,NA,NA,NA,NA,NA,NA,0.303272597865415,0.101090865955138,"di","ip",NA,NA,NA,NA,NA,NA,0.014218009478673,0.0253807106598985,NA,NA,NA,NA,NA,NA,0.0395987201385715,0.0197993600692857,0.0754716981132075,0.1875,0.333333333333333,NA,NA,NA,NA,NA,NA,6,0.0283018867924528,1.8,1.09544511501033,0.6,0.365148371670111,"did dil dip Sip kip lip"
"drap","drap",4,"d","r","a","p",NA,NA,NA,NA,NA,0.0754716981132075,0.180094786729858,0.111675126903553,0.0983606557377049,NA,NA,NA,NA,NA,0.465602267484324,0.116400566871081,"dr","ra","ap",NA,NA,NA,NA,NA,0.014218009478673,0.0406091370558376,0.0327868852459016,NA,NA,NA,NA,NA,0.0876140317804122,0.0292046772601374,0.0754716981132075,0.1875,0.333333333333333,1,NA,NA,NA,NA,NA,2,0.00943396226415094,1,NA,0.25,NA,"drap krap"
"dru","dru",3,"d","r","u",NA,NA,NA,NA,NA,NA,0.0754716981132075,0.180094786729858,0.0761421319796954,NA,NA,NA,NA,NA,NA,0.331708616822761,0.11056953894092,"dr","ru",NA,NA,NA,NA,NA,NA,0.014218009478673,0.050761421319797,NA,NA,NA,NA,NA,NA,0.0649794307984699,0.032489715399235,0.0754716981132075,0.1875,0.333333333333333,NA,NA,NA,NA,NA,NA,5,0.0235849056603774,1.25,0.5,0.416666666666667,0.166666666666667,"dru du gru kru tru"
"dr^g","dr_g",4,"d","r","_","g",NA,NA,NA,NA,NA,0.0754716981132075,0.180094786729858,0.0812182741116751,0.0491803278688525,NA,NA,NA,NA,NA,0.385965086823593,0.0964912717058982,"dr","r_","_g",NA,NA,NA,NA,NA,0.014218009478673,0.0406091370558376,0.0327868852459016,NA,NA,NA,NA,NA,0.0876140317804122,0.0292046772601374,0.0754716981132075,0.1875,0.333333333333333,1,NA,NA,NA,NA,NA,2,0.00943396226415094,1,NA,0.25,NA,"dr_g Sr_g"
"du","du",2,"d","u",NA,NA,NA,NA,NA,NA,NA,0.0754716981132075,0.0853080568720379,NA,NA,NA,NA,NA,NA,NA,0.160779754985245,0.0803898774926227,"du",NA,NA,NA,NA,NA,NA,NA,0.00947867298578199,NA,NA,NA,NA,NA,NA,NA,0.00947867298578199,0.00947867298578199,0.0754716981132075,0.125,NA,NA,NA,NA,NA,NA,NA,4,0.0188679245283019,1.16666666666667,0.288675134594813,0.583333333333333,0.144337567297406,"dru du su tu"
"duti","duti",4,"d","u","t","i",NA,NA,NA,NA,NA,0.0754716981132075,0.0853080568720379,0.121827411167513,0.131147540983607,NA,NA,NA,NA,NA,0.413754707136365,0.103438676784091,"du","ut","ti",NA,NA,NA,NA,NA,0.00947867298578199,0.0304568527918782,0.00819672131147541,NA,NA,NA,NA,NA,0.0481322470891356,0.0160440823630452,0.0754716981132075,0.125,0.5,1,NA,NA,NA,NA,NA,1,0.00471698113207547,NA,NA,NA,NA,"duti"
"d^b^l","d_b_l",5,"d","_","b","_","l",NA,NA,NA,NA,0.0754716981132075,0.123222748815166,0.0456852791878173,0.180327868852459,0.175438596491228,NA,NA,NA,NA,0.600146191459878,0.120029238291976,"d_","_b","b_","_l",NA,NA,NA,NA,0.018957345971564,0.0203045685279188,0.0163934426229508,0.157894736842105,NA,NA,NA,NA,0.213550093964539,0.0533875234911347,0.0754716981132075,0.25,0.25,1,1,NA,NA,NA,NA,2,0.00943396226415094,1,NA,0.2,NA,"b_b_l d_b_l"
"d^k","d_k",3,"d","_","k",NA,NA,NA,NA,NA,NA,0.0754716981132075,0.123222748815166,0.0862944162436548,NA,NA,NA,NA,NA,NA,0.284988863172028,0.0949962877240094,"d_","_k",NA,NA,NA,NA,NA,NA,0.018957345971564,0.0355329949238579,NA,NA,NA,NA,NA,NA,0.0544903408954219,0.0272451704477109,0.0754716981132075,0.25,0.25,NA,NA,NA,NA,NA,NA,5,0.0235849056603774,1.5,1,0.5,0.333333333333333,"b_k d_k d_l l_k s_k"
"d^l","d_l",3,"d","_","l",NA,NA,NA,NA,NA,NA,0.0754716981132075,0.123222748815166,0.0862944162436548,NA,NA,NA,NA,NA,NA,0.284988863172028,0.0949962877240094,"d_","_l",NA,NA,NA,NA,NA,NA,0.018957345971564,0.0101522842639594,NA,NA,NA,NA,NA,NA,0.0291096302355234,0.0145548151177617,0.0754716981132075,0.25,0.25,NA,NA,NA,NA,NA,NA,4,0.0188679245283019,2.33333333333333,0.577350269189626,0.777777777777778,0.192450089729875,"dal dil d_k d_l"
"d^st","d_st",4,"d","_","s","t",NA,NA,NA,NA,NA,0.0754716981132075,0.123222748815166,0.0558375634517767,0.131147540983607,NA,NA,NA,NA,NA,0.385679551363757,0.0964198878409392,"d_","_s","st",NA,NA,NA,NA,NA,0.018957345971564,0.0152284263959391,0.0327868852459016,NA,NA,NA,NA,NA,0.0669726576134047,0.0223242192044682,0.0754716981132075,0.25,0.25,1,NA,NA,NA,NA,NA,1,0.00471698113207547,NA,NA,NA,NA,"d_st"
"gad","gad",3,"g","a","d",NA,NA,NA,NA,NA,NA,0.0424528301886792,0.232227488151659,0.0355329949238579,NA,NA,NA,NA,NA,NA,0.310213313264196,0.103404437754732,"ga","ad",NA,NA,NA,NA,NA,NA,0.014218009478673,0.0152284263959391,NA,NA,NA,NA,NA,NA,0.0294464358746121,0.014723217937306,0.0424528301886792,0.333333333333333,0.333333333333333,NA,NA,NA,NA,NA,NA,5,0.0235849056603774,1.875,1.03077640640442,0.625,0.343592135468138,"ad gad gard gat rad"
"gard","gard",4,"g","a","r","d",NA,NA,NA,NA,NA,0.0424528301886792,0.232227488151659,0.126903553299492,0.0901639344262295,NA,NA,NA,NA,NA,0.49174780606606,0.122936951516515,"ga","ar","rd",NA,NA,NA,NA,NA,0.014218009478673,0.0913705583756345,0.0163934426229508,NA,NA,NA,NA,NA,0.121982010477258,0.0406606701590861,0.0424528301886792,0.333333333333333,0.333333333333333,1,NA,NA,NA,NA,NA,3,0.0141509433962264,2,1.4142135623731,0.5,0.353553390593274,"gad gard kard"
"gat","gat",3,"g","a","t",NA,NA,NA,NA,NA,NA,0.0424528301886792,0.232227488151659,0.121827411167513,NA,NA,NA,NA,NA,NA,0.396507729507851,0.132169243169284,"ga","at",NA,NA,NA,NA,NA,NA,0.014218009478673,0.0304568527918782,NA,NA,NA,NA,NA,NA,0.0446748622705512,0.0223374311352756,0.0424528301886792,0.333333333333333,0.333333333333333,NA,NA,NA,NA,NA,NA,6,0.0283018867924528,1.4,0.894427190999916,0.466666666666667,0.298142396999972,"dat gad gat Sat lat pat"
"glu","glu",3,"g","l","u",NA,NA,NA,NA,NA,NA,0.0424528301886792,0.0663507109004739,0.0761421319796954,NA,NA,NA,NA,NA,NA,0.184945673068849,0.0616485576896162,"gl","lu",NA,NA,NA,NA,NA,NA,0.004739336492891,0.0152284263959391,NA,NA,NA,NA,NA,NA,0.0199677628888301,0.00998388144441504,0.0424528301886792,0.111111111111111,1,NA,NA,NA,NA,NA,NA,4,0.0188679245283019,1.33333333333333,0.577350269189626,0.444444444444444,0.192450089729875,"blu glu gru klu"
"grik","grik",4,"g","r","i","k",NA,NA,NA,NA,NA,0.0424528301886792,0.180094786729858,0.0761421319796954,0.0737704918032787,NA,NA,NA,NA,NA,0.372460240701511,0.0931150601753778,"gr","ri","ik",NA,NA,NA,NA,NA,0.018957345971564,0.0406091370558376,0.0163934426229508,NA,NA,NA,NA,NA,0.0759599256503524,0.0253199752167841,0.0424528301886792,0.444444444444444,0.5,0.5,NA,NA,NA,NA,NA,2,0.00943396226415094,4,NA,1,NA,"grik grit"
"grit","grit",4,"g","r","i","t",NA,NA,NA,NA,NA,0.0424528301886792,0.180094786729858,0.0761421319796954,0.131147540983607,NA,NA,NA,NA,NA,0.429837289881839,0.10745932247046,"gr","ri","it",NA,NA,NA,NA,NA,0.018957345971564,0.0406091370558376,0.0327868852459016,NA,NA,NA,NA,NA,0.0923533682733032,0.0307844560911011,0.0424528301886792,0.444444444444444,0.5,0.5,NA,NA,NA,NA,NA,3,0.0141509433962264,2.5,2.12132034355964,0.625,0.530330085889911,"grik grit trit"
"gru","gru",3,"g","r","u",NA,NA,NA,NA,NA,NA,0.0424528301886792,0.180094786729858,0.0761421319796954,NA,NA,NA,NA,NA,NA,0.298689748898233,0.0995632496327442,"gr","ru",NA,NA,NA,NA,NA,NA,0.018957345971564,0.050761421319797,NA,NA,NA,NA,NA,NA,0.0697187672913609,0.0348593836456805,0.0424528301886792,0.444444444444444,0.5,NA,NA,NA,NA,NA,NA,6,0.0283018867924528,1.7,1.09544511501033,0.566666666666667,0.365148371670111,"dru glu gru grup kru tru"
"grup","grup",4,"g","r","u","p",NA,NA,NA,NA,NA,0.0424528301886792,0.180094786729858,0.0761421319796954,0.0983606557377049,NA,NA,NA,NA,NA,0.397050404635937,0.0992626011589844,"gr","ru","up",NA,NA,NA,NA,NA,0.018957345971564,0.050761421319797,0.0245901639344262,NA,NA,NA,NA,NA,0.0943089312257872,0.0314363104085957,0.0424528301886792,0.444444444444444,0.5,0.5,NA,NA,NA,NA,NA,3,0.0141509433962264,2.5,2.12132034355964,0.625,0.530330085889911,"gru grup trup"
"g^tar","g_tar",5,"g","_","t","a","r",NA,NA,NA,NA,0.0424528301886792,0.123222748815166,0.121827411167513,0.00819672131147541,0.0350877192982456,NA,NA,NA,NA,0.330787430781079,0.0661574861562158,"g_","_t","ta","ar",NA,NA,NA,NA,0.004739336492891,0.0304568527918782,0.00819672131147541,0.0175438596491228,NA,NA,NA,NA,0.0609367702453674,0.0152341925613418,0.0424528301886792,0.111111111111111,1,1,1,NA,NA,NA,NA,1,0.00471698113207547,NA,NA,NA,NA,"g_tar"
"Sak","Sak",3,"S","a","k",NA,NA,NA,NA,NA,NA,0.0518867924528302,0.232227488151659,0.0862944162436548,NA,NA,NA,NA,NA,NA,0.370408696848144,0.123469565616048,"Sa","ak",NA,NA,NA,NA,NA,NA,0.018957345971564,0.0304568527918782,NA,NA,NA,NA,NA,NA,0.0494141987634422,0.0247070993817211,0.0518867924528302,0.363636363636364,0.25,NA,NA,NA,NA,NA,NA,5,0.0235849056603774,2,1.15470053837925,0.666666666666667,0.38490017945975,"Sak Sap Sat lak rak"
"Sap","Sap",3,"S","a","p",NA,NA,NA,NA,NA,NA,0.0518867924528302,0.232227488151659,0.0761421319796954,NA,NA,NA,NA,NA,NA,0.360256412584184,0.120085470861395,"Sa","ap",NA,NA,NA,NA,NA,NA,0.018957345971564,0.0304568527918782,NA,NA,NA,NA,NA,NA,0.0494141987634422,0.0247070993817211,0.0518867924528302,0.363636363636364,0.25,NA,NA,NA,NA,NA,NA,8,0.0377358490566038,1.92857142857143,0.932227235735804,0.642857142857143,0.310742411911935,"Sak Sap Sarp Sat Sip kap pap tap"
"Sarp","Sarp",4,"S","a","r","p",NA,NA,NA,NA,NA,0.0518867924528302,0.232227488151659,0.126903553299492,0.0983606557377049,NA,NA,NA,NA,NA,0.509378489641686,0.127344622410422,"Sa","ar","rp",NA,NA,NA,NA,NA,0.018957345971564,0.0913705583756345,0.0163934426229508,NA,NA,NA,NA,NA,0.126721346970149,0.0422404489900498,0.0518867924528302,0.363636363636364,0.25,1,NA,NA,NA,NA,NA,2,0.00943396226415094,3,NA,0.75,NA,"Sap Sarp"
"Sat","Sat",3,"S","a","t",NA,NA,NA,NA,NA,NA,0.0518867924528302,0.232227488151659,0.121827411167513,NA,NA,NA,NA,NA,NA,0.405941691772002,0.135313897257334,"Sa","at",NA,NA,NA,NA,NA,NA,0.018957345971564,0.0304568527918782,NA,NA,NA,NA,NA,NA,0.0494141987634422,0.0247070993817211,0.0518867924528302,0.363636363636364,0.25,NA,NA,NA,NA,NA,NA,10,0.0471698113207547,1.77777777777778,0.833333333333333,0.592592592592593,0.277777777777778,"dat gat Sak Sap Sat Sit Sut S_t lat pat"
"Si","Si",2,"S","i",NA,NA,NA,NA,NA,NA,NA,0.0518867924528302,0.151658767772512,NA,NA,NA,NA,NA,NA,NA,0.203545560225342,0.101772780112671,"Si",NA,NA,NA,NA,NA,NA,NA,0.018957345971564,NA,NA,NA,NA,NA,NA,NA,0.018957345971564,0.018957345971564,0.0518867924528302,0.363636363636364,NA,NA,NA,NA,NA,NA,NA,8,0.0377358490566038,1.42857142857143,0.7319250547114,0.714285714285714,0.3659625273557,"bi Si Sip Sit ki pi si ti"
"Sild","Sild",4,"S","i","l","d",NA,NA,NA,NA,NA,0.0518867924528302,0.151658767772512,0.0862944162436548,0.0901639344262295,NA,NA,NA,NA,NA,0.380003910895226,0.0950009777238066,"Si","il","ld",NA,NA,NA,NA,NA,0.018957345971564,0.0253807106598985,0.00819672131147541,NA,NA,NA,NA,NA,0.0525347779429379,0.017511592647646,0.0518867924528302,0.363636363636364,0.25,1,NA,NA,NA,NA,NA,1,0.00471698113207547,NA,NA,NA,NA,"Sild"
"Sip","Sip",3,"S","i","p",NA,NA,NA,NA,NA,NA,0.0518867924528302,0.151658767772512,0.0761421319796954,NA,NA,NA,NA,NA,NA,0.279687692205037,0.0932292307350125,"Si","ip",NA,NA,NA,NA,NA,NA,0.018957345971564,0.0253807106598985,NA,NA,NA,NA,NA,NA,0.0443380566314625,0.0221690283157312,0.0518867924528302,0.363636363636364,0.25,NA,NA,NA,NA,NA,NA,7,0.0330188679245283,1.83333333333333,0.983192080250175,0.611111111111111,0.327730693416725,"dip Sap Si Sip Sit kip lip"
"Sit","Sit",3,"S","i","t",NA,NA,NA,NA,NA,NA,0.0518867924528302,0.151658767772512,0.121827411167513,NA,NA,NA,NA,NA,NA,0.325372971392855,0.108457657130952,"Si","it",NA,NA,NA,NA,NA,NA,0.018957345971564,0.0152284263959391,NA,NA,NA,NA,NA,NA,0.0341857723675031,0.0170928861837515,0.0518867924528302,0.363636363636364,0.25,NA,NA,NA,NA,NA,NA,9,0.0424528301886792,1.875,0.83452296039628,0.625,0.278174320132093,"bit Sat Si Sip Sit Sut S_t it sit"
"Sr^g","Sr_g",4,"S","r","_","g",NA,NA,NA,NA,NA,0.0518867924528302,0.180094786729858,0.0812182741116751,0.0491803278688525,NA,NA,NA,NA,NA,0.362380181163216,0.0905950452908039,"Sr","r_","_g",NA,NA,NA,NA,NA,0.004739336492891,0.0406091370558376,0.0327868852459016,NA,NA,NA,NA,NA,0.0781353587946302,0.0260451195982101,0.0518867924528302,0.0909090909090909,1,1,NA,NA,NA,NA,NA,2,0.00943396226415094,1,NA,0.25,NA,"dr_g Sr_g"
"Sut","Sut",3,"S","u","t",NA,NA,NA,NA,NA,NA,0.0518867924528302,0.0853080568720379,0.121827411167513,NA,NA,NA,NA,NA,NA,0.259022260492381,0.0863407534974603,"Su","ut",NA,NA,NA,NA,NA,NA,0.004739336492891,0.0304568527918782,NA,NA,NA,NA,NA,NA,0.0351961892847692,0.0175980946423846,0.0518867924528302,0.0909090909090909,1,NA,NA,NA,NA,NA,NA,7,0.0330188679245283,1.5,0.547722557505166,0.5,0.182574185835055,"but Sat Sit Sut S_t rut sut"
"S^t","S_t",3,"S","_","t",NA,NA,NA,NA,NA,NA,0.0518867924528302,0.123222748815166,0.121827411167513,NA,NA,NA,NA,NA,NA,0.296936952435509,0.0989789841451696,"S_","_t",NA,NA,NA,NA,NA,NA,0.004739336492891,0.0304568527918782,NA,NA,NA,NA,NA,NA,0.0351961892847692,0.0175980946423846,0.0518867924528302,0.0909090909090909,1,NA,NA,NA,NA,NA,NA,7,0.0330188679245283,1.5,0.547722557505166,0.5,0.182574185835055,"b_t Sat Sit Sut S_t k_t p_t"
"ist","ist",3,"i","s","t",NA,NA,NA,NA,NA,NA,0.00943396226415094,0.014218009478673,0.121827411167513,NA,NA,NA,NA,NA,NA,0.145479382910337,0.0484931276367789,"is","st",NA,NA,NA,NA,NA,NA,0.004739336492891,0.0050761421319797,NA,NA,NA,NA,NA,NA,0.00981547862487069,0.00490773931243535,0.00943396226415094,0.5,1,NA,NA,NA,NA,NA,NA,4,0.0188679245283019,1,0.866025403784439,0.333333333333333,0.288675134594813,"bist ist it list"
"it","it",2,"i","t",NA,NA,NA,NA,NA,NA,NA,0.00943396226415094,0.0710900473933649,NA,NA,NA,NA,NA,NA,NA,0.0805240096575159,0.0402620048287579,"it",NA,NA,NA,NA,NA,NA,NA,0.004739336492891,NA,NA,NA,NA,NA,NA,NA,0.004739336492891,0.004739336492891,0.00943396226415094,0.5,NA,NA,NA,NA,NA,NA,NA,5,0.0235849056603774,0.75,0.5,0.375,0.25,"bit Sit ist it sit"
"kalig","kalig",5,"k","a","l","i","g",NA,NA,NA,NA,0.0990566037735849,0.232227488151659,0.0862944162436548,0.131147540983607,0.0350877192982456,NA,NA,NA,NA,0.583813768450751,0.11676275369015,"ka","al","li","ig",NA,NA,NA,NA,0.028436018957346,0.0203045685279188,0.040983606557377,0.0175438596491228,NA,NA,NA,NA,0.107268053691765,0.0268170134229412,0.0990566037735849,0.285714285714286,0.166666666666667,1,1,NA,NA,NA,NA,1,0.00471698113207547,NA,NA,NA,NA,"kalig"
"kap","kap",3,"k","a","p",NA,NA,NA,NA,NA,NA,0.0990566037735849,0.232227488151659,0.0761421319796954,NA,NA,NA,NA,NA,NA,0.407426223904939,0.135808741301646,"ka","ap",NA,NA,NA,NA,NA,NA,0.028436018957346,0.0304568527918782,NA,NA,NA,NA,NA,NA,0.0588928717492241,0.0294464358746121,0.0990566037735849,0.285714285714286,0.333333333333333,NA,NA,NA,NA,NA,NA,9,0.0424528301886792,1.875,0.954313515420528,0.625,0.318104505140176,"Sap kap kapi kar kip krap k_p pap tap"
"kapi","kapi",4,"k","a","p","i",NA,NA,NA,NA,NA,0.0990566037735849,0.232227488151659,0.0761421319796954,0.131147540983607,NA,NA,NA,NA,NA,0.538573764888546,0.134643441222136,"ka","ap","pi",NA,NA,NA,NA,NA,0.028436018957346,0.0304568527918782,0.0163934426229508,NA,NA,NA,NA,NA,0.075286314372175,0.0250954381240583,0.0990566037735849,0.285714285714286,0.333333333333333,0.5,NA,NA,NA,NA,NA,2,0.00943396226415094,4,NA,1,NA,"kap kapi"
"kar","kar",3,"k","a","r",NA,NA,NA,NA,NA,NA,0.0990566037735849,0.232227488151659,0.126903553299492,NA,NA,NA,NA,NA,NA,0.458187645224736,0.152729215074912,"ka","ar",NA,NA,NA,NA,NA,NA,0.028436018957346,0.0913705583756345,NA,NA,NA,NA,NA,NA,0.11980657733298,0.0599032886664902,0.0990566037735849,0.285714285714286,0.5,NA,NA,NA,NA,NA,NA,8,0.0377358490566038,1.57142857142857,1.17006308336244,0.523809523809524,0.39002102778748,"ar bar kap kar kard par skar tar"
"kard","kard",4,"k","a","r","d",NA,NA,NA,NA,NA,0.0990566037735849,0.232227488151659,0.126903553299492,0.0901639344262295,NA,NA,NA,NA,NA,0.548351579650966,0.137087894912741,"ka","ar","rd",NA,NA,NA,NA,NA,0.028436018957346,0.0913705583756345,0.0163934426229508,NA,NA,NA,NA,NA,0.136200019955931,0.0454000066519771,0.0990566037735849,0.285714285714286,0.5,0.333333333333333,NA,NA,NA,NA,NA,3,0.0141509433962264,2.5,2.12132034355964,0.625,0.530330085889911,"gard kar kard"
"karp^t","karp_t",6,"k","a","r","p","_","t",NA,NA,NA,0.0990566037735849,0.232227488151659,0.126903553299492,0.0983606557377049,0.192982456140351,0.192307692307692,NA,NA,NA,0.941838449410484,0.156973074901747,"ka","ar","rp","p_","_t",NA,NA,NA,0.028436018957346,0.0913705583756345,0.0163934426229508,0.0350877192982456,0.115384615384615,NA,NA,NA,0.286672354638792,0.0573344709277585,0.0990566037735849,0.285714285714286,0.5,0.333333333333333,1,1,NA,NA,NA,1,0.00471698113207547,NA,NA,NA,NA,"karp_t"
"ki","ki",2,"k","i",NA,NA,NA,NA,NA,NA,NA,0.0990566037735849,0.151658767772512,NA,NA,NA,NA,NA,NA,NA,0.250715371546097,0.125357685773048,"ki",NA,NA,NA,NA,NA,NA,NA,0.00947867298578199,NA,NA,NA,NA,NA,NA,NA,0.00947867298578199,0.00947867298578199,0.0990566037735849,0.0952380952380952,NA,NA,NA,NA,NA,NA,NA,7,0.0330188679245283,1.25,0.612372435695794,0.625,0.306186217847897,"bi Si ki kip pi si ti"
"kip","kip",3,"k","i","p",NA,NA,NA,NA,NA,NA,0.0990566037735849,0.151658767772512,0.0761421319796954,NA,NA,NA,NA,NA,NA,0.326857503525792,0.108952501175264,"ki","ip",NA,NA,NA,NA,NA,NA,0.00947867298578199,0.0253807106598985,NA,NA,NA,NA,NA,NA,0.0348593836456805,0.0174296918228402,0.0990566037735849,0.0952380952380952,0.5,NA,NA,NA,NA,NA,NA,8,0.0377358490566038,1.64285714285714,0.748013241543096,0.547619047619048,0.249337747181032,"dip Sip kap ki kip krip k_p lip"
"klak","klak",4,"k","l","a","k",NA,NA,NA,NA,NA,0.0990566037735849,0.0663507109004739,0.111675126903553,0.0737704918032787,NA,NA,NA,NA,NA,0.350852933380891,0.0877132333452227,"kl","la","ak",NA,NA,NA,NA,NA,0.014218009478673,0.0203045685279188,0.0245901639344262,NA,NA,NA,NA,NA,0.059112741941018,0.0197042473136727,0.0990566037735849,0.142857142857143,0.333333333333333,1,NA,NA,NA,NA,NA,3,0.0141509433962264,1,0,0.25,0,"blak klak lak"
"klu","klu",3,"k","l","u",NA,NA,NA,NA,NA,NA,0.0990566037735849,0.0663507109004739,0.0761421319796954,NA,NA,NA,NA,NA,NA,0.241549446653754,0.0805164822179181,"kl","lu",NA,NA,NA,NA,NA,NA,0.014218009478673,0.0152284263959391,NA,NA,NA,NA,NA,NA,0.0294464358746121,0.014723217937306,0.0990566037735849,0.142857142857143,0.333333333333333,NA,NA,NA,NA,NA,NA,4,0.0188679245283019,1.33333333333333,0.577350269189626,0.444444444444444,0.192450089729875,"blu glu klu kru"
"kl^b","kl_b",4,"k","l","_","b",NA,NA,NA,NA,NA,0.0990566037735849,0.0663507109004739,0.0812182741116751,0.0327868852459016,NA,NA,NA,NA,NA,0.279412474031636,0.0698531185079089,"kl","l_","_b",NA,NA,NA,NA,NA,0.014218009478673,0.0253807106598985,0.0163934426229508,NA,NA,NA,NA,NA,0.0559921627615223,0.0186640542538408,0.0990566037735849,0.142857142857143,0.333333333333333,1,NA,NA,NA,NA,NA,1,0.00471698113207547,NA,NA,NA,NA,"kl_b"
"krap","krap",4,"k","r","a","p",NA,NA,NA,NA,NA,0.0990566037735849,0.180094786729858,0.111675126903553,0.0983606557377049,NA,NA,NA,NA,NA,0.489187173144701,0.122296793286175,"kr","ra","ap",NA,NA,NA,NA,NA,0.028436018957346,0.0406091370558376,0.0327868852459016,NA,NA,NA,NA,NA,0.101832041259085,0.0339440137530284,0.0990566037735849,0.285714285714286,0.166666666666667,1,NA,NA,NA,NA,NA,4,0.0188679245283019,2,1,0.5,0.25,"drap kap krap krip"
"krip","krip",4,"k","r","i","p",NA,NA,NA,NA,NA,0.0990566037735849,0.180094786729858,0.0761421319796954,0.0983606557377049,NA,NA,NA,NA,NA,0.453654178220843,0.113413544555211,"kr","ri","ip",NA,NA,NA,NA,NA,0.028436018957346,0.0406091370558376,0.0245901639344262,NA,NA,NA,NA,NA,0.0936353199476098,0.0312117733158699,0.0990566037735849,0.285714285714286,0.166666666666667,1,NA,NA,NA,NA,NA,3,0.0141509433962264,2.5,0.707106781186548,0.625,0.176776695296637,"kip krap krip"
"kru","kru",3,"k","r","u",NA,NA,NA,NA,NA,NA,0.0990566037735849,0.180094786729858,0.0761421319796954,NA,NA,NA,NA,NA,NA,0.355293522483138,0.118431174161046,"kr","ru",NA,NA,NA,NA,NA,NA,0.028436018957346,0.050761421319797,NA,NA,NA,NA,NA,NA,0.0791974402771429,0.0395987201385715,0.0990566037735849,0.285714285714286,0.5,NA,NA,NA,NA,NA,NA,6,0.0283018867924528,1.1,0.547722557505166,0.366666666666667,0.182574185835055,"dru gru klu kru skru tru"
"kruS^l","kruS_l",6,"k","r","u","S","_","l",NA,NA,NA,0.0990566037735849,0.180094786729858,0.0761421319796954,0.040983606557377,0.192982456140351,0.153846153846154,NA,NA,NA,0.74310573902702,0.123850956504503,"kr","ru","uS","S_","_l",NA,NA,NA,0.028436018957346,0.050761421319797,0.00819672131147541,0.0526315789473684,0.115384615384615,NA,NA,NA,0.255410355920602,0.0510820711841204,0.0990566037735849,0.285714285714286,0.5,0.333333333333333,1,1,NA,NA,NA,2,0.00943396226415094,4,NA,0.666666666666667,NA,"kruS_l kru_l"
"kru^l","kru_l",5,"k","r","u","_","l",NA,NA,NA,NA,0.0990566037735849,0.180094786729858,0.0761421319796954,0.180327868852459,0.175438596491228,NA,NA,NA,NA,0.711059987826825,0.142211997565365,"kr","ru","u_","_l",NA,NA,NA,NA,0.028436018957346,0.050761421319797,0.00819672131147541,0.157894736842105,NA,NA,NA,NA,0.245288898430724,0.0613222246076809,0.0990566037735849,0.285714285714286,0.5,0.333333333333333,1,NA,NA,NA,NA,2,0.00943396226415094,3.5,NA,0.7,NA,"kruS_l kru_l"
"kr^S","kr_S",4,"k","r","_","S",NA,NA,NA,NA,NA,0.0990566037735849,0.180094786729858,0.0812182741116751,0.040983606557377,NA,NA,NA,NA,NA,0.401353271172495,0.100338317793124,"kr","r_","_S",NA,NA,NA,NA,NA,0.028436018957346,0.0406091370558376,0.0163934426229508,NA,NA,NA,NA,NA,0.0854385986361343,0.0284795328787114,0.0990566037735849,0.285714285714286,0.166666666666667,1,NA,NA,NA,NA,NA,3,0.0141509433962264,1,0,0.25,0,"br_S kr_S r_S"
"kul","kul",3,"k","u","l",NA,NA,NA,NA,NA,NA,0.0990566037735849,0.0853080568720379,0.0862944162436548,NA,NA,NA,NA,NA,NA,0.270659076889278,0.0902196922964259,"ku","ul",NA,NA,NA,NA,NA,NA,0.004739336492891,0.0203045685279188,NA,NA,NA,NA,NA,NA,0.0250439050208098,0.0125219525104049,0.0990566037735849,0.0476190476190476,1,NA,NA,NA,NA,NA,NA,5,0.0235849056603774,0.875,0.25,0.291666666666667,0.0833333333333333,"kul pul rul skul tul"
"k^p","k_p",3,"k","_","p",NA,NA,NA,NA,NA,NA,0.0990566037735849,0.123222748815166,0.0761421319796954,NA,NA,NA,NA,NA,NA,0.298421484568446,0.0994738281894821,"k_","_p",NA,NA,NA,NA,NA,NA,0.014218009478673,0.0101522842639594,NA,NA,NA,NA,NA,NA,0.0243702937426324,0.0121851468713162,0.0990566037735849,0.142857142857143,0.666666666666667,NA,NA,NA,NA,NA,NA,5,0.0235849056603774,2,0.816496580927726,0.666666666666667,0.272165526975909,"kap kip k_p k_t _p"
"k^p^l","k_p_l",5,"k","_","p","_","l",NA,NA,NA,NA,0.0990566037735849,0.123222748815166,0.0761421319796954,0.180327868852459,0.175438596491228,NA,NA,NA,NA,0.654187949912133,0.130837589982427,"k_","_p","p_","_l",NA,NA,NA,NA,0.014218009478673,0.0101522842639594,0.0245901639344262,0.157894736842105,NA,NA,NA,NA,0.206855194519164,0.051713798629791,0.0990566037735849,0.142857142857143,0.666666666666667,0.5,1,NA,NA,NA,NA,1,0.00471698113207547,NA,NA,NA,NA,"k_p_l"
"k^t","k_t",3,"k","_","t",NA,NA,NA,NA,NA,NA,0.0990566037735849,0.123222748815166,0.121827411167513,NA,NA,NA,NA,NA,NA,0.344106763756263,0.114702254585421,"k_","_t",NA,NA,NA,NA,NA,NA,0.014218009478673,0.0304568527918782,NA,NA,NA,NA,NA,NA,0.0446748622705512,0.0223374311352756,0.0990566037735849,0.142857142857143,0.333333333333333,NA,NA,NA,NA,NA,NA,5,0.0235849056603774,1.5,1,0.5,0.333333333333333,"b_t S_t k_p k_t p_t"
"labi","labi",4,"l","a","b","i",NA,NA,NA,NA,NA,0.0613207547169811,0.232227488151659,0.0456852791878173,0.131147540983607,NA,NA,NA,NA,NA,0.470381063040064,0.117595265760016,"la","ab","bi",NA,NA,NA,NA,NA,0.014218009478673,0.0203045685279188,0.0163934426229508,NA,NA,NA,NA,NA,0.0509160206295426,0.0169720068765142,0.0613207547169811,0.230769230769231,0.333333333333333,1,NA,NA,NA,NA,NA,2,0.00943396226415094,1,NA,0.25,NA,"babi labi"
"lak","lak",3,"l","a","k",NA,NA,NA,NA,NA,NA,0.0613207547169811,0.232227488151659,0.0862944162436548,NA,NA,NA,NA,NA,NA,0.379842659112295,0.126614219704098,"la","ak",NA,NA,NA,NA,NA,NA,0.014218009478673,0.0304568527918782,NA,NA,NA,NA,NA,NA,0.0446748622705512,0.0223374311352756,0.0613207547169811,0.230769230769231,0.333333333333333,NA,NA,NA,NA,NA,NA,7,0.0330188679245283,1.33333333333333,0.983192080250175,0.444444444444444,0.327730693416725,"blak Sak klak lak lat l_k rak"
"lat","lat",3,"l","a","t",NA,NA,NA,NA,NA,NA,0.0613207547169811,0.232227488151659,0.121827411167513,NA,NA,NA,NA,NA,NA,0.415375654036153,0.138458551345384,"la","at",NA,NA,NA,NA,NA,NA,0.014218009478673,0.0304568527918782,NA,NA,NA,NA,NA,NA,0.0446748622705512,0.0223374311352756,0.0613207547169811,0.230769230769231,0.333333333333333,NA,NA,NA,NA,NA,NA,8,0.0377358490566038,1.14285714285714,0.852168103246347,0.380952380952381,0.284056034415449,"dat gat Sat lak lat pat plat _lat"
"lid","lid",3,"l","i","d",NA,NA,NA,NA,NA,NA,0.0613207547169811,0.151658767772512,0.0355329949238579,NA,NA,NA,NA,NA,NA,0.248512517413351,0.0828375058044503,"li","id",NA,NA,NA,NA,NA,NA,0.023696682464455,0.0203045685279188,NA,NA,NA,NA,NA,NA,0.0440012509923738,0.0220006254961869,0.0613207547169811,0.384615384615385,0.2,NA,NA,NA,NA,NA,NA,6,0.0283018867924528,1.8,1.09544511501033,0.6,0.365148371670111,"did lid lig lip rid sid"
"lig","lig",3,"l","i","g",NA,NA,NA,NA,NA,NA,0.0613207547169811,0.151658767772512,0.0152284263959391,NA,NA,NA,NA,NA,NA,0.228207948885432,0.076069316295144,"li","ig",NA,NA,NA,NA,NA,NA,0.023696682464455,0.0101522842639594,NA,NA,NA,NA,NA,NA,0.0338489667284144,0.0169244833642072,0.0613207547169811,0.384615384615385,0.4,NA,NA,NA,NA,NA,NA,3,0.0141509433962264,3,0,1,0,"lid lig lip"
"lig^l","lig_l",5,"l","i","g","_","l",NA,NA,NA,NA,0.0613207547169811,0.151658767772512,0.0152284263959391,0.180327868852459,0.175438596491228,NA,NA,NA,NA,0.583974414229119,0.116794882845824,"li","ig","g_","_l",NA,NA,NA,NA,0.023696682464455,0.0101522842639594,0.0163934426229508,0.157894736842105,NA,NA,NA,NA,0.20813714619347,0.0520342865483676,0.0613207547169811,0.384615384615385,0.4,0.5,1,NA,NA,NA,NA,1,0.00471698113207547,NA,NA,NA,NA,"lig_l"
"lip","lip",3,"l","i","p",NA,NA,NA,NA,NA,NA,0.0613207547169811,0.151658767772512,0.0761421319796954,NA,NA,NA,NA,NA,NA,0.289121654469188,0.0963738848230628,"li","ip",NA,NA,NA,NA,NA,NA,0.023696682464455,0.0253807106598985,NA,NA,NA,NA,NA,NA,0.0490773931243535,0.0245386965621767,0.0613207547169811,0.384615384615385,0.2,NA,NA,NA,NA,NA,NA,8,0.0377358490566038,1.64285714285714,1.02933172958178,0.547619047619048,0.343110576527259,"dip Sip kip lid lig lip lup slip"
"list","list",4,"l","i","s","t",NA,NA,NA,NA,NA,0.0613207547169811,0.151658767772512,0.0558375634517767,0.131147540983607,NA,NA,NA,NA,NA,0.399964626924876,0.0999911567312191,"li","is","st",NA,NA,NA,NA,NA,0.023696682464455,0.0203045685279188,0.0327868852459016,NA,NA,NA,NA,NA,0.0767881362382754,0.0255960454127585,0.0613207547169811,0.384615384615385,0.2,1,NA,NA,NA,NA,NA,3,0.0141509433962264,1,0,0.25,0,"bist ist list"
"lup","lup",3,"l","u","p",NA,NA,NA,NA,NA,NA,0.0613207547169811,0.0853080568720379,0.0761421319796954,NA,NA,NA,NA,NA,NA,0.222770943568714,0.0742569811895715,"lu","up",NA,NA,NA,NA,NA,NA,0.00947867298578199,0.0101522842639594,NA,NA,NA,NA,NA,NA,0.0196309572497414,0.00981547862487069,0.0613207547169811,0.153846153846154,0.5,NA,NA,NA,NA,NA,NA,3,0.0141509433962264,2.5,0.707106781186548,0.833333333333333,0.235702260395516,"lip lup lus"
"lus","lus",3,"l","u","s",NA,NA,NA,NA,NA,NA,0.0613207547169811,0.0853080568720379,0.0558375634517767,NA,NA,NA,NA,NA,NA,0.202466375040796,0.0674887916802652,"lu","us",NA,NA,NA,NA,NA,NA,0.00947867298578199,0.0101522842639594,NA,NA,NA,NA,NA,NA,0.0196309572497414,0.00981547862487069,0.0613207547169811,0.153846153846154,0.5,NA,NA,NA,NA,NA,NA,2,0.00943396226415094,3,NA,1,NA,"lup lus"
"l^k","l_k",3,"l","_","k",NA,NA,NA,NA,NA,NA,0.0613207547169811,0.123222748815166,0.0862944162436548,NA,NA,NA,NA,NA,NA,0.270837919775802,0.0902793065919339,"l_","_k",NA,NA,NA,NA,NA,NA,0.014218009478673,0.0355329949238579,NA,NA,NA,NA,NA,NA,0.0497510044025309,0.0248755022012654,0.0613207547169811,0.230769230769231,1,NA,NA,NA,NA,NA,NA,6,0.0283018867924528,1.7,1.09544511501033,0.566666666666667,0.365148371670111,"b_k d_k lak l_k l_ki s_k"
"l^kS^ri","l_kS_ri",7,"l","_","k","S","_","r","i",NA,NA,0.0613207547169811,0.123222748815166,0.0862944162436548,0.040983606557377,0.192982456140351,0.0384615384615385,0.181818181818182,NA,NA,0.72508370275325,0.103583386107607,"l_","_k","kS","S_","_r","ri",NA,NA,0.014218009478673,0.0355329949238579,0.00819672131147541,0.0526315789473684,0.0384615384615385,0.0909090909090909,NA,NA,0.239949934032004,0.0399916556720007,0.0613207547169811,0.230769230769231,1,0.333333333333333,1,1,1,NA,NA,1,0.00471698113207547,NA,NA,NA,NA,"l_kS_ri"
"l^ki","l_ki",4,"l","_","k","i",NA,NA,NA,NA,NA,0.0613207547169811,0.123222748815166,0.0862944162436548,0.131147540983607,NA,NA,NA,NA,NA,0.401985460759408,0.100496365189852,"l_","_k","ki",NA,NA,NA,NA,NA,0.014218009478673,0.0355329949238579,0.00819672131147541,NA,NA,NA,NA,NA,0.0579477257140063,0.0193159085713354,0.0613207547169811,0.230769230769231,1,0.333333333333333,NA,NA,NA,NA,NA,2,0.00943396226415094,4,NA,1,NA,"l_k l_ki"
"pak^t","pak_t",5,"p","a","k","_","t",NA,NA,NA,NA,0.136792452830189,0.232227488151659,0.0862944162436548,0.180327868852459,0.210526315789474,NA,NA,NA,NA,0.846168541867435,0.169233708373487,"pa","ak","k_","_t",NA,NA,NA,NA,0.0616113744075829,0.0304568527918782,0.0163934426229508,0.0350877192982456,NA,NA,NA,NA,0.143549389120658,0.0358873472801644,0.136792452830189,0.448275862068966,0.0769230769230769,1,1,NA,NA,NA,NA,2,0.00943396226415094,1,NA,0.2,NA,"pak_t rak_t"
"pal^si","pal_si",6,"p","a","l","_","s","i",NA,NA,NA,0.136792452830189,0.232227488151659,0.0862944162436548,0.180327868852459,0.0526315789473684,0.115384615384615,NA,NA,NA,0.803658420409945,0.133943070068324,"pa","al","l_","_s","si",NA,NA,NA,0.0616113744075829,0.0203045685279188,0.0163934426229508,0.0350877192982456,0.0384615384615385,NA,NA,NA,0.171858643318237,0.0343717286636473,0.136792452830189,0.448275862068966,0.0769230769230769,1,1,1,NA,NA,NA,1,0.00471698113207547,NA,NA,NA,NA,"pal_si"
"pap","pap",3,"p","a","p",NA,NA,NA,NA,NA,NA,0.136792452830189,0.232227488151659,0.0761421319796954,NA,NA,NA,NA,NA,NA,0.445162072961543,0.148387357653848,"pa","ap",NA,NA,NA,NA,NA,NA,0.0616113744075829,0.0304568527918782,NA,NA,NA,NA,NA,NA,0.0920682271994611,0.0460341135997306,0.136792452830189,0.448275862068966,0.153846153846154,NA,NA,NA,NA,NA,NA,7,0.0330188679245283,2.08333333333333,1.20069424362186,0.694444444444445,0.400231414540619,"Sap kap pap pap_ par pat tap"
"pap^","pap_",4,"p","a","p","_",NA,NA,NA,NA,NA,0.136792452830189,0.232227488151659,0.0761421319796954,0.180327868852459,NA,NA,NA,NA,NA,0.625489941814002,0.1563724854535,"pa","ap","p_",NA,NA,NA,NA,NA,0.0616113744075829,0.0304568527918782,0.0245901639344262,NA,NA,NA,NA,NA,0.116658391133887,0.0388861303779624,0.136792452830189,0.448275862068966,0.153846153846154,0.5,NA,NA,NA,NA,NA,2,0.00943396226415094,4,NA,1,NA,"pap pap_"
"par","par",3,"p","a","r",NA,NA,NA,NA,NA,NA,0.136792452830189,0.232227488151659,0.126903553299492,NA,NA,NA,NA,NA,NA,0.49592349428134,0.165307831427113,"pa","ar",NA,NA,NA,NA,NA,NA,0.0616113744075829,0.0913705583756345,NA,NA,NA,NA,NA,NA,0.152981932783217,0.0764909663916087,0.136792452830189,0.448275862068966,0.461538461538462,NA,NA,NA,NA,NA,NA,9,0.0424528301886792,2.125,1.21743289636138,0.708333333333333,0.405810965453793,"ar bar kar pap par park part pat tar"
"parS^l","parS_l",6,"p","a","r","S","_","l",NA,NA,NA,0.136792452830189,0.232227488151659,0.126903553299492,0.040983606557377,0.192982456140351,0.153846153846154,NA,NA,NA,0.883735710825222,0.147289285137537,"pa","ar","rS","S_","_l",NA,NA,NA,0.0616113744075829,0.0913705583756345,0.00819672131147541,0.0526315789473684,0.115384615384615,NA,NA,NA,0.329194848426677,0.0658389696853353,0.136792452830189,0.448275862068966,0.461538461538462,0.166666666666667,1,1,NA,NA,NA,1,0.00471698113207547,NA,NA,NA,NA,"parS_l"
"park","park",4,"p","a","r","k",NA,NA,NA,NA,NA,0.136792452830189,0.232227488151659,0.126903553299492,0.0737704918032787,NA,NA,NA,NA,NA,0.569693986084619,0.142423496521155,"pa","ar","rk",NA,NA,NA,NA,NA,0.0616113744075829,0.0913705583756345,0.0245901639344262,NA,NA,NA,NA,NA,0.177572096717644,0.0591906989058812,0.136792452830189,0.448275862068966,0.461538461538462,0.166666666666667,NA,NA,NA,NA,NA,7,0.0330188679245283,1.91666666666667,1.62532048121799,0.479166666666667,0.406330120304497,"ark bark dark par park part spark"
"part","part",4,"p","a","r","t",NA,NA,NA,NA,NA,0.136792452830189,0.232227488151659,0.126903553299492,0.131147540983607,NA,NA,NA,NA,NA,0.627071035264946,0.156767758816237,"pa","ar","rt",NA,NA,NA,NA,NA,0.0616113744075829,0.0913705583756345,0.0327868852459016,NA,NA,NA,NA,NA,0.185768818029119,0.0619229393430397,0.136792452830189,0.448275862068966,0.461538461538462,0.5,NA,NA,NA,NA,NA,8,0.0377358490566038,2.57142857142857,1.69382632493642,0.642857142857143,0.423456581234105,"art dart par park part parti pat _part"
"parti","parti",5,"p","a","r","t","i",NA,NA,NA,NA,0.136792452830189,0.232227488151659,0.126903553299492,0.131147540983607,0.105263157894737,NA,NA,NA,NA,0.732334193159683,0.146466838631937,"pa","ar","rt","ti",NA,NA,NA,NA,0.0616113744075829,0.0913705583756345,0.0327868852459016,0.0350877192982456,NA,NA,NA,NA,0.220856537327365,0.0552141343318412,0.136792452830189,0.448275862068966,0.461538461538462,0.5,0.333333333333333,NA,NA,NA,NA,3,0.0141509433962264,4.75,0.353553390593274,0.95,0.0707106781186548,"part parti partli"
"partli","partli",6,"p","a","r","t","l","i",NA,NA,NA,0.136792452830189,0.232227488151659,0.126903553299492,0.131147540983607,0.175438596491228,0.115384615384615,NA,NA,NA,0.91789424714079,0.152982374523465,"pa","ar","rt","tl","li",NA,NA,NA,0.0616113744075829,0.0913705583756345,0.0327868852459016,0.0175438596491228,0.0384615384615385,NA,NA,NA,0.24177421613978,0.0483548432279561,0.136792452830189,0.448275862068966,0.461538461538462,0.5,0.333333333333333,1,NA,NA,NA,2,0.00943396226415094,5,NA,0.833333333333333,NA,"parti partli"
"pas^bli","pas_bli",7,"p","a","s","_","b","l","i",NA,NA,0.136792452830189,0.232227488151659,0.0558375634517767,0.180327868852459,0.0526315789473684,0.153846153846154,0.181818181818182,NA,NA,0.993481287897787,0.141925898271112,"pa","as","s_","_b","bl","li",NA,NA,0.0616113744075829,0.0101522842639594,0.0245901639344262,0.0526315789473684,0.0384615384615385,0.0909090909090909,NA,NA,0.278356030923966,0.0463926718206611,0.136792452830189,0.448275862068966,0.153846153846154,1,1,0.5,1,NA,NA,1,0.00471698113207547,NA,NA,NA,NA,"pas_bli"
"pas^b^l","pas_b_l",7,"p","a","s","_","b","_","l",NA,NA,0.136792452830189,0.232227488151659,0.0558375634517767,0.180327868852459,0.0526315789473684,0.230769230769231,0.454545454545455,NA,NA,1.34313163754814,0.191875948221162,"pa","as","s_","_b","b_","_l",NA,NA,0.0616113744075829,0.0101522842639594,0.0245901639344262,0.0526315789473684,0.0769230769230769,0.363636363636364,NA,NA,0.589544842112778,0.0982574736854629,0.136792452830189,0.448275862068966,0.153846153846154,1,1,0.5,1,NA,NA,1,0.00471698113207547,NA,NA,NA,NA,"pas_b_l"
"pat","pat",3,"p","a","t",NA,NA,NA,NA,NA,NA,0.136792452830189,0.232227488151659,0.121827411167513,NA,NA,NA,NA,NA,NA,0.49084735214936,0.163615784049787,"pa","at",NA,NA,NA,NA,NA,NA,0.0616113744075829,0.0304568527918782,NA,NA,NA,NA,NA,NA,0.0920682271994611,0.0460341135997306,0.136792452830189,0.448275862068966,0.0769230769230769,NA,NA,NA,NA,NA,NA,11,0.0518867924528302,1.65,0.914391114956347,0.55,0.304797038318782,"dat gat Sat lat pap par part pat plat p_t spat"
"pi","pi",2,"p","i",NA,NA,NA,NA,NA,NA,NA,0.136792452830189,0.151658767772512,NA,NA,NA,NA,NA,NA,NA,0.288451220602701,0.14422561030135,"pi",NA,NA,NA,NA,NA,NA,NA,0.018957345971564,NA,NA,NA,NA,NA,NA,NA,0.018957345971564,0.018957345971564,0.136792452830189,0.137931034482759,NA,NA,NA,NA,NA,NA,NA,8,0.0377358490566038,1.42857142857143,0.7319250547114,0.714285714285714,0.3659625273557,"bi Si ki pi pik pis si ti"
"pik","pik",3,"p","i","k",NA,NA,NA,NA,NA,NA,0.136792452830189,0.151658767772512,0.0862944162436548,NA,NA,NA,NA,NA,NA,0.374745636846355,0.124915212282118,"pi","ik",NA,NA,NA,NA,NA,NA,0.018957345971564,0.0152284263959391,NA,NA,NA,NA,NA,NA,0.0341857723675031,0.0170928861837515,0.136792452830189,0.137931034482759,0.25,NA,NA,NA,NA,NA,NA,5,0.0235849056603774,1.875,1.31497781983829,0.625,0.438325939946097,"pi pik pis sik spik"
"pip^l","pip_l",5,"p","i","p","_","l",NA,NA,NA,NA,0.136792452830189,0.151658767772512,0.0761421319796954,0.180327868852459,0.175438596491228,NA,NA,NA,NA,0.720359817926083,0.144071963585217,"pi","ip","p_","_l",NA,NA,NA,NA,0.018957345971564,0.0253807106598985,0.0245901639344262,0.157894736842105,NA,NA,NA,NA,0.226822957407994,0.0567057393519985,0.136792452830189,0.137931034482759,0.25,1,1,NA,NA,NA,NA,1,0.00471698113207547,NA,NA,NA,NA,"pip_l"
"pis","pis",3,"p","i","s",NA,NA,NA,NA,NA,NA,0.136792452830189,0.151658767772512,0.0558375634517767,NA,NA,NA,NA,NA,NA,0.344288784054477,0.114762928018159,"pi","is",NA,NA,NA,NA,NA,NA,0.018957345971564,0.0203045685279188,NA,NA,NA,NA,NA,NA,0.0392619144994828,0.0196309572497414,0.136792452830189,0.137931034482759,0.25,NA,NA,NA,NA,NA,NA,4,0.0188679245283019,2.33333333333333,1.15470053837925,0.777777777777778,0.38490017945975,"pi pik pis sis"
"plat","plat",4,"p","l","a","t",NA,NA,NA,NA,NA,0.136792452830189,0.0663507109004739,0.111675126903553,0.131147540983607,NA,NA,NA,NA,NA,0.445965831617822,0.111491457904456,"pl","la","at",NA,NA,NA,NA,NA,0.014218009478673,0.0203045685279188,0.0327868852459016,NA,NA,NA,NA,NA,0.0673094632524934,0.0224364877508311,0.136792452830189,0.103448275862069,0.333333333333333,1,NA,NA,NA,NA,NA,4,0.0188679245283019,1.33333333333333,0.577350269189626,0.333333333333333,0.144337567297406,"lat pat plat _lat"
"pl^g","pl_g",4,"p","l","_","g",NA,NA,NA,NA,NA,0.136792452830189,0.0663507109004739,0.0812182741116751,0.0491803278688525,NA,NA,NA,NA,NA,0.33354176571119,0.0833854414277976,"pl","l_","_g",NA,NA,NA,NA,NA,0.014218009478673,0.0253807106598985,0.0327868852459016,NA,NA,NA,NA,NA,0.0723856053844731,0.0241285351281577,0.136792452830189,0.103448275862069,0.666666666666667,0.5,NA,NA,NA,NA,NA,3,0.0141509433962264,2.5,2.12132034355964,0.625,0.530330085889911,"pl_g pl_s sl_g"
"pl^s","pl_s",4,"p","l","_","s",NA,NA,NA,NA,NA,0.136792452830189,0.0663507109004739,0.0812182741116751,0.0573770491803279,NA,NA,NA,NA,NA,0.341738487022666,0.0854346217556664,"pl","l_","_s",NA,NA,NA,NA,NA,0.014218009478673,0.0253807106598985,0.0245901639344262,NA,NA,NA,NA,NA,0.0641888840729977,0.0213962946909992,0.136792452830189,0.103448275862069,0.666666666666667,0.5,NA,NA,NA,NA,NA,2,0.00943396226415094,4,NA,1,NA,"pl_g pl_s"
"prab^bli","prab_bli",8,"p","r","a","b","_","b","l","i",NA,0.136792452830189,0.180094786729858,0.111675126903553,0.0327868852459016,0.192982456140351,0.0769230769230769,0.454545454545455,0.333333333333333,NA,1.51913357265172,0.189891696581465,"pr","ra","ab","b_","_b","bl","li",NA,0.028436018957346,0.0406091370558376,0.0163934426229508,0.0526315789473684,0.0769230769230769,0.0909090909090909,0.333333333333333,NA,0.639235678749004,0.0913193826784291,0.136792452830189,0.206896551724138,0.833333333333333,0.4,1,1,0.5,1,NA,1,0.00471698113207547,NA,NA,NA,NA,"prab_bli"
"prab^b^l","prab_b_l",8,"p","r","a","b","_","b","_","l",NA,0.136792452830189,0.180094786729858,0.111675126903553,0.0327868852459016,0.192982456140351,0.0769230769230769,0.0909090909090909,0.333333333333333,NA,1.15549720901535,0.144437151126919,"pr","ra","ab","b_","_b","b_","_l",NA,0.028436018957346,0.0406091370558376,0.0163934426229508,0.0526315789473684,0.0769230769230769,0.0909090909090909,0.333333333333333,NA,0.639235678749004,0.0913193826784291,0.136792452830189,0.206896551724138,0.833333333333333,0.4,1,1,0.5,1,NA,1,0.00471698113207547,NA,NA,NA,NA,"prab_b_l"
"pradus","pradus",6,"p","r","a","d","u","s",NA,NA,NA,0.136792452830189,0.180094786729858,0.111675126903553,0.0901639344262295,0.0175438596491228,0.0384615384615385,NA,NA,NA,0.574731699000491,0.0957886165000818,"pr","ra","ad","du","us",NA,NA,NA,0.028436018957346,0.0406091370558376,0.0163934426229508,0.0175438596491228,0.0384615384615385,NA,NA,NA,0.141443996746796,0.0282887993493591,0.136792452830189,0.206896551724138,0.833333333333333,0.4,0.5,1,NA,NA,NA,1,0.00471698113207547,NA,NA,NA,NA,"pradus"
"prad^kt","prad_kt",7,"p","r","a","d","_","k","t",NA,NA,0.136792452830189,0.180094786729858,0.111675126903553,0.0901639344262295,0.192982456140351,0.0384615384615385,0.181818181818182,NA,NA,0.9319884773099,0.133141211044271,"pr","ra","ad","d_","_k","kt",NA,NA,0.028436018957346,0.0406091370558376,0.0163934426229508,0.0175438596491228,0.0384615384615385,0.0909090909090909,NA,NA,0.232353087655887,0.0387255146093144,0.136792452830189,0.206896551724138,0.833333333333333,0.4,0.5,1,1,NA,NA,1,0.00471698113207547,NA,NA,NA,NA,"prad_kt"
"pragr^s","pragr_s",7,"p","r","a","g","r","_","s",NA,NA,0.136792452830189,0.180094786729858,0.111675126903553,0.0491803278688525,0.0350877192982456,0.230769230769231,0.0909090909090909,NA,NA,0.83450873530902,0.119215533615574,"pr","ra","ag","gr","r_","_s",NA,NA,0.028436018957346,0.0406091370558376,0.00819672131147541,0.0175438596491228,0.0384615384615385,0.0909090909090909,NA,NA,0.224156366344411,0.0373593943907352,0.136792452830189,0.206896551724138,0.833333333333333,0.2,1,1,1,NA,NA,1,0.00471698113207547,NA,NA,NA,NA,"pragr_s"
"prist","prist",5,"p","r","i","s","t",NA,NA,NA,NA,0.136792452830189,0.180094786729858,0.0761421319796954,0.0573770491803279,0.210526315789474,NA,NA,NA,NA,0.660932736509543,0.132186547301909,"pr","ri","is","st",NA,NA,NA,NA,0.028436018957346,0.0406091370558376,0.00819672131147541,0.0701754385964912,NA,NA,NA,NA,0.14741731592115,0.0368543289802875,0.136792452830189,0.206896551724138,0.166666666666667,1,1,NA,NA,NA,NA,1,0.00471698113207547,NA,NA,NA,NA,"prist"
"pul","pul",3,"p","u","l",NA,NA,NA,NA,NA,NA,0.136792452830189,0.0853080568720379,0.0862944162436548,NA,NA,NA,NA,NA,NA,0.308394925945881,0.102798308648627,"pu","ul",NA,NA,NA,NA,NA,NA,0.004739336492891,0.0203045685279188,NA,NA,NA,NA,NA,NA,0.0250439050208098,0.0125219525104049,0.136792452830189,0.0344827586206897,1,NA,NA,NA,NA,NA,NA,4,0.0188679245283019,1,0,0.333333333333333,0,"kul pul rul tul"
"p^lis","p_lis",5,"p","_","l","i","s",NA,NA,NA,NA,0.136792452830189,0.123222748815166,0.0862944162436548,0.131147540983607,0.0526315789473684,NA,NA,NA,NA,0.530088737819984,0.106017747563997,"p_","_l","li","is",NA,NA,NA,NA,0.00947867298578199,0.0101522842639594,0.040983606557377,0.0175438596491228,NA,NA,NA,NA,0.0781584234562412,0.0195396058640603,0.136792452830189,0.0689655172413793,0.5,1,1,NA,NA,NA,NA,1,0.00471698113207547,NA,NA,NA,NA,"p_lis"
"p^t","p_t",3,"p","_","t",NA,NA,NA,NA,NA,NA,0.136792452830189,0.123222748815166,0.121827411167513,NA,NA,NA,NA,NA,NA,0.381842612812867,0.127280870937622,"p_","_t",NA,NA,NA,NA,NA,NA,0.00947867298578199,0.0304568527918782,NA,NA,NA,NA,NA,NA,0.0399355257776602,0.0199677628888301,0.136792452830189,0.0689655172413793,0.5,NA,NA,NA,NA,NA,NA,5,0.0235849056603774,1.25,0.5,0.416666666666667,0.166666666666667,"b_t S_t k_t pat p_t"
"rab","rab",3,"r","a","b",NA,NA,NA,NA,NA,NA,0.0660377358490566,0.232227488151659,0.0456852791878173,NA,NA,NA,NA,NA,NA,0.343950503188533,0.114650167729511,"ra","ab",NA,NA,NA,NA,NA,NA,0.018957345971564,0.0203045685279188,NA,NA,NA,NA,NA,NA,0.0392619144994828,0.0196309572497414,0.0660377358490566,0.285714285714286,0.25,NA,NA,NA,NA,NA,NA,5,0.0235849056603774,2.25,0.957427107756338,0.75,0.319142369252113,"bab rab rad rak r_b"
"rad","rad",3,"r","a","d",NA,NA,NA,NA,NA,NA,0.0660377358490566,0.232227488151659,0.0355329949238579,NA,NA,NA,NA,NA,NA,0.333798218924573,0.111266072974858,"ra","ad",NA,NA,NA,NA,NA,NA,0.018957345971564,0.0152284263959391,NA,NA,NA,NA,NA,NA,0.0341857723675031,0.0170928861837515,0.0660377358490566,0.285714285714286,0.25,NA,NA,NA,NA,NA,NA,6,0.0283018867924528,2,1,0.666666666666667,0.333333333333333,"ad gad rab rad rak rid"
"rak","rak",3,"r","a","k",NA,NA,NA,NA,NA,NA,0.0660377358490566,0.232227488151659,0.0862944162436548,NA,NA,NA,NA,NA,NA,0.38455964024437,0.128186546748123,"ra","ak",NA,NA,NA,NA,NA,NA,0.018957345971564,0.0304568527918782,NA,NA,NA,NA,NA,NA,0.0494141987634422,0.0247070993817211,0.0660377358490566,0.285714285714286,0.5,NA,NA,NA,NA,NA,NA,5,0.0235849056603774,2,1.15470053837925,0.666666666666667,0.38490017945975,"Sak lak rab rad rak"
"rak^t","rak_t",5,"r","a","k","_","t",NA,NA,NA,NA,0.0660377358490566,0.232227488151659,0.0862944162436548,0.180327868852459,0.210526315789474,NA,NA,NA,NA,0.775413824886303,0.155082764977261,"ra","ak","k_","_t",NA,NA,NA,NA,0.018957345971564,0.0304568527918782,0.0163934426229508,0.0350877192982456,NA,NA,NA,NA,0.100895360684639,0.0252238401711596,0.0660377358490566,0.285714285714286,0.5,0.5,1,NA,NA,NA,NA,2,0.00943396226415094,1,NA,0.2,NA,"pak_t rak_t"
"rid","rid",3,"r","i","d",NA,NA,NA,NA,NA,NA,0.0660377358490566,0.151658767772512,0.0355329949238579,NA,NA,NA,NA,NA,NA,0.253229498545426,0.0844098328484754,"ri","id",NA,NA,NA,NA,NA,NA,0.014218009478673,0.0203045685279188,NA,NA,NA,NA,NA,NA,0.0345225780065918,0.0172612890032959,0.0660377358490566,0.214285714285714,0.333333333333333,NA,NA,NA,NA,NA,NA,7,0.0330188679245283,1.41666666666667,0.917423929634859,0.472222222222222,0.305807976544953,"brid did lid rad rid ril sid"
"ril","ril",3,"r","i","l",NA,NA,NA,NA,NA,NA,0.0660377358490566,0.151658767772512,0.0862944162436548,NA,NA,NA,NA,NA,NA,0.303990919865223,0.101330306621741,"ri","il",NA,NA,NA,NA,NA,NA,0.014218009478673,0.0253807106598985,NA,NA,NA,NA,NA,NA,0.0395987201385715,0.0197993600692857,0.0660377358490566,0.214285714285714,0.666666666666667,NA,NA,NA,NA,NA,NA,6,0.0283018867924528,2.1,1.14017542509914,0.7,0.380058475033046,"dil rid ril rili rul sil"
"rili","rili",4,"r","i","l","i",NA,NA,NA,NA,NA,0.0660377358490566,0.151658767772512,0.0862944162436548,0.131147540983607,NA,NA,NA,NA,NA,0.43513846084883,0.108784615212207,"ri","il","li",NA,NA,NA,NA,NA,0.014218009478673,0.0253807106598985,0.040983606557377,NA,NA,NA,NA,NA,0.0805823266959485,0.0268607755653162,0.0660377358490566,0.214285714285714,0.666666666666667,0.5,NA,NA,NA,NA,NA,2,0.00943396226415094,4,NA,1,NA,"ril rili"
"rul","rul",3,"r","u","l",NA,NA,NA,NA,NA,NA,0.0660377358490566,0.0853080568720379,0.0862944162436548,NA,NA,NA,NA,NA,NA,0.237640208964749,0.0792134029882498,"ru","ul",NA,NA,NA,NA,NA,NA,0.014218009478673,0.0203045685279188,NA,NA,NA,NA,NA,NA,0.0345225780065918,0.0172612890032959,0.0660377358490566,0.214285714285714,0.333333333333333,NA,NA,NA,NA,NA,NA,6,0.0283018867924528,1.6,0.894427190999916,0.533333333333333,0.298142396999972,"kul pul ril rul rut tul"
"rupi","rupi",4,"r","u","p","i",NA,NA,NA,NA,NA,0.0660377358490566,0.0853080568720379,0.0761421319796954,0.131147540983607,NA,NA,NA,NA,NA,0.358635465684397,0.0896588664210991,"ru","up","pi",NA,NA,NA,NA,NA,0.014218009478673,0.0101522842639594,0.0163934426229508,NA,NA,NA,NA,NA,0.0407637363655832,0.0135879121218611,0.0660377358490566,0.214285714285714,0.333333333333333,1,NA,NA,NA,NA,NA,1,0.00471698113207547,NA,NA,NA,NA,"rupi"
"rut","rut",3,"r","u","t",NA,NA,NA,NA,NA,NA,0.0660377358490566,0.0853080568720379,0.121827411167513,NA,NA,NA,NA,NA,NA,0.273173203888607,0.0910577346295357,"ru","ut",NA,NA,NA,NA,NA,NA,0.014218009478673,0.0304568527918782,NA,NA,NA,NA,NA,NA,0.0446748622705512,0.0223374311352756,0.0660377358490566,0.214285714285714,0.333333333333333,NA,NA,NA,NA,NA,NA,5,0.0235849056603774,1.5,1,0.5,0.333333333333333,"but Sut rul rut sut"
"r^b","r_b",3,"r","_","b",NA,NA,NA,NA,NA,NA,0.0660377358490566,0.123222748815166,0.0456852791878173,NA,NA,NA,NA,NA,NA,0.23494576385204,0.0783152546173466,"r_","_b",NA,NA,NA,NA,NA,NA,0.018957345971564,0.0203045685279188,NA,NA,NA,NA,NA,NA,0.0392619144994828,0.0196309572497414,0.0660377358490566,0.285714285714286,0.25,NA,NA,NA,NA,NA,NA,3,0.0141509433962264,2.5,0.707106781186548,0.833333333333333,0.235702260395516,"rab r_b r_S"
"r^g^d","r_g_d",5,"r","_","g","_","d",NA,NA,NA,NA,0.0660377358490566,0.123222748815166,0.0152284263959391,0.180327868852459,0.0350877192982456,NA,NA,NA,NA,0.419904499210866,0.0839808998421732,"r_","_g","g_","_d",NA,NA,NA,NA,0.018957345971564,0.0050761421319797,0.0163934426229508,0.0350877192982456,NA,NA,NA,NA,0.0755146500247401,0.018878662506185,0.0660377358490566,0.285714285714286,0.25,1,1,NA,NA,NA,NA,1,0.00471698113207547,NA,NA,NA,NA,"r_g_d"
"r^S","r_S",3,"r","_","S",NA,NA,NA,NA,NA,NA,0.0660377358490566,0.123222748815166,0.0050761421319797,NA,NA,NA,NA,NA,NA,0.194336626796202,0.0647788755987341,"r_","_S",NA,NA,NA,NA,NA,NA,0.018957345971564,0.0050761421319797,NA,NA,NA,NA,NA,NA,0.0240334881035437,0.0120167440517718,0.0660377358490566,0.285714285714286,0.25,NA,NA,NA,NA,NA,NA,4,0.0188679245283019,1.33333333333333,1.44337567297406,0.444444444444444,0.481125224324688,"br_S kr_S r_b r_S"
"r^s^l","r_s_l",5,"r","_","s","_","l",NA,NA,NA,NA,0.0660377358490566,0.123222748815166,0.0558375634517767,0.180327868852459,0.175438596491228,NA,NA,NA,NA,0.600864513459686,0.120172902691937,"r_","_s","s_","_l",NA,NA,NA,NA,0.018957345971564,0.0152284263959391,0.0245901639344262,0.157894736842105,NA,NA,NA,NA,0.216670673144035,0.0541676682860086,0.0660377358490566,0.285714285714286,0.25,1,1,NA,NA,NA,NA,1,0.00471698113207547,NA,NA,NA,NA,"r_s_l"
"sal^d","sal_d",5,"s","a","l","_","d",NA,NA,NA,NA,0.188679245283019,0.232227488151659,0.0862944162436548,0.180327868852459,0.0350877192982456,NA,NA,NA,NA,0.722616737829037,0.144523347565807,"sa","al","l_","_d",NA,NA,NA,NA,0.00947867298578199,0.0203045685279188,0.0163934426229508,0.0350877192982456,NA,NA,NA,NA,0.0812644034348972,0.0203161008587243,0.188679245283019,0.05,0.5,1,1,NA,NA,NA,NA,1,0.00471698113207547,NA,NA,NA,NA,"sal_d"
"sari","sari",4,"s","a","r","i",NA,NA,NA,NA,NA,0.188679245283019,0.232227488151659,0.126903553299492,0.131147540983607,NA,NA,NA,NA,NA,0.678957827717777,0.169739456929444,"sa","ar","ri",NA,NA,NA,NA,NA,0.00947867298578199,0.0913705583756345,0.0327868852459016,NA,NA,NA,NA,NA,0.133636116607318,0.0445453722024394,0.188679245283019,0.05,0.5,1,NA,NA,NA,NA,NA,1,0.00471698113207547,NA,NA,NA,NA,"sari"
"si","si",2,"s","i",NA,NA,NA,NA,NA,NA,NA,0.188679245283019,0.151658767772512,NA,NA,NA,NA,NA,NA,NA,0.340338013055531,0.170169006527765,"si",NA,NA,NA,NA,NA,NA,NA,0.033175355450237,NA,NA,NA,NA,NA,NA,NA,0.033175355450237,0.033175355450237,0.188679245283019,0.175,NA,NA,NA,NA,NA,NA,NA,12,0.0566037735849057,1.77272727272727,0.753778361444409,0.886363636363636,0.376889180722205,"bi Si ki pi si sid sik sil sis sit su ti"
"sid","sid",3,"s","i","d",NA,NA,NA,NA,NA,NA,0.188679245283019,0.151658767772512,0.0355329949238579,NA,NA,NA,NA,NA,NA,0.375871007979389,0.12529033599313,"si","id",NA,NA,NA,NA,NA,NA,0.033175355450237,0.0203045685279188,NA,NA,NA,NA,NA,NA,0.0534799239781557,0.0267399619890779,0.188679245283019,0.175,0.142857142857143,NA,NA,NA,NA,NA,NA,10,0.0471698113207547,2.16666666666667,1,0.722222222222222,0.333333333333333,"did lid rid si sid sik sil sis sit spid"
"sik","sik",3,"s","i","k",NA,NA,NA,NA,NA,NA,0.188679245283019,0.151658767772512,0.0862944162436548,NA,NA,NA,NA,NA,NA,0.426632429299186,0.142210809766395,"si","ik",NA,NA,NA,NA,NA,NA,0.033175355450237,0.0152284263959391,NA,NA,NA,NA,NA,NA,0.0484037818461761,0.024201890923088,0.188679245283019,0.175,0.285714285714286,NA,NA,NA,NA,NA,NA,9,0.0424528301886792,2.4375,0.821040280898046,0.8125,0.273680093632682,"pik si sid sik sil sis sit spik s_k"
"sikr^t","sikr_t",6,"s","i","k","r","_","t",NA,NA,NA,0.188679245283019,0.151658767772512,0.0862944162436548,0.0573770491803279,0.192982456140351,0.192307692307692,NA,NA,NA,0.869299626927557,0.144883271154593,"si","ik","kr","r_","_t",NA,NA,NA,0.033175355450237,0.0152284263959391,0.00819672131147541,0.0175438596491228,0.115384615384615,NA,NA,NA,0.18952897819139,0.0379057956382779,0.188679245283019,0.175,0.285714285714286,0.5,1,1,NA,NA,NA,1,0.00471698113207547,NA,NA,NA,NA,"sikr_t"
"sil","sil",3,"s","i","l",NA,NA,NA,NA,NA,NA,0.188679245283019,0.151658767772512,0.0862944162436548,NA,NA,NA,NA,NA,NA,0.426632429299186,0.142210809766395,"si","il",NA,NA,NA,NA,NA,NA,0.033175355450237,0.0253807106598985,NA,NA,NA,NA,NA,NA,0.0585560661101354,0.0292780330550677,0.188679245283019,0.175,0.142857142857143,NA,NA,NA,NA,NA,NA,9,0.0424528301886792,2.3125,0.961304916692484,0.770833333333333,0.320434972230828,"dil ril si sid sik sil sis sit stil"
"sis","sis",3,"s","i","s",NA,NA,NA,NA,NA,NA,0.188679245283019,0.151658767772512,0.0558375634517767,NA,NA,NA,NA,NA,NA,0.396175576507307,0.132058525502436,"si","is",NA,NA,NA,NA,NA,NA,0.033175355450237,0.0203045685279188,NA,NA,NA,NA,NA,NA,0.0534799239781557,0.0267399619890779,0.188679245283019,0.175,0.142857142857143,NA,NA,NA,NA,NA,NA,7,0.0330188679245283,2.66666666666667,0.816496580927726,0.888888888888889,0.272165526975909,"pis si sid sik sil sis sit"
"sit","sit",3,"s","i","t",NA,NA,NA,NA,NA,NA,0.188679245283019,0.151658767772512,0.121827411167513,NA,NA,NA,NA,NA,NA,0.462165424223043,0.154055141407681,"si","it",NA,NA,NA,NA,NA,NA,0.033175355450237,0.0152284263959391,NA,NA,NA,NA,NA,NA,0.0484037818461761,0.024201890923088,0.188679245283019,0.175,0.142857142857143,NA,NA,NA,NA,NA,NA,11,0.0518867924528302,2.15,0.944281031614353,0.716666666666667,0.314760343871451,"bit Sit it si sid sik sil sis sit slit sut"
"skar","skar",4,"s","k","a","r",NA,NA,NA,NA,NA,0.188679245283019,0.014218009478673,0.111675126903553,0.0573770491803279,NA,NA,NA,NA,NA,0.371949430845573,0.0929873577113933,"sk","ka","ar",NA,NA,NA,NA,NA,0.014218009478673,0.0050761421319797,0.0491803278688525,NA,NA,NA,NA,NA,0.0684744794795051,0.0228248264931684,0.188679245283019,0.075,0.333333333333333,1,NA,NA,NA,NA,NA,3,0.0141509433962264,1.5,0.707106781186548,0.375,0.176776695296637,"kar skar star"
"skru","skru",4,"s","k","r","u",NA,NA,NA,NA,NA,0.188679245283019,0.014218009478673,0.126903553299492,0.00819672131147541,NA,NA,NA,NA,NA,0.33799752937266,0.0844993823431649,"sk","kr","ru",NA,NA,NA,NA,NA,0.014218009478673,0.0050761421319797,0.00819672131147541,NA,NA,NA,NA,NA,0.0274908729221281,0.00916362430737603,0.188679245283019,0.075,0.333333333333333,1,NA,NA,NA,NA,NA,2,0.00943396226415094,1,NA,0.25,NA,"kru skru"
"skul","skul",4,"s","k","u","l",NA,NA,NA,NA,NA,0.188679245283019,0.014218009478673,0.0761421319796954,0.040983606557377,NA,NA,NA,NA,NA,0.320022993298764,0.0800057483246911,"sk","ku","ul",NA,NA,NA,NA,NA,0.014218009478673,0.0050761421319797,0.0163934426229508,NA,NA,NA,NA,NA,0.0356875942336035,0.0118958647445345,0.188679245283019,0.075,0.333333333333333,1,NA,NA,NA,NA,NA,2,0.00943396226415094,1,NA,0.25,NA,"kul skul"
"slip","slip",4,"s","l","i","p",NA,NA,NA,NA,NA,0.188679245283019,0.0663507109004739,0.0761421319796954,0.0983606557377049,NA,NA,NA,NA,NA,0.429532743900893,0.107383185975223,"sl","li","ip",NA,NA,NA,NA,NA,0.014218009478673,0.0101522842639594,0.0245901639344262,NA,NA,NA,NA,NA,0.0489604576770586,0.0163201525590195,0.188679245283019,0.075,0.666666666666667,0.5,NA,NA,NA,NA,NA,5,0.0235849056603774,1.875,1.54784796841723,0.46875,0.386961992104306,"lip slip slit stip _slip"
"slit","slit",4,"s","l","i","t",NA,NA,NA,NA,NA,0.188679245283019,0.0663507109004739,0.0761421319796954,0.131147540983607,NA,NA,NA,NA,NA,0.462319629146795,0.115579907286699,"sl","li","it",NA,NA,NA,NA,NA,0.014218009478673,0.0101522842639594,0.0327868852459016,NA,NA,NA,NA,NA,0.057157178988534,0.019052392996178,0.188679245283019,0.075,0.666666666666667,0.5,NA,NA,NA,NA,NA,3,0.0141509433962264,3,1.4142135623731,0.75,0.353553390593274,"sit slip slit"
"sl^g","sl_g",4,"s","l","_","g",NA,NA,NA,NA,NA,0.188679245283019,0.0663507109004739,0.0812182741116751,0.0491803278688525,NA,NA,NA,NA,NA,0.38542855816402,0.0963571395410051,"sl","l_","_g",NA,NA,NA,NA,NA,0.014218009478673,0.0253807106598985,0.0327868852459016,NA,NA,NA,NA,NA,0.0723856053844731,0.0241285351281577,0.188679245283019,0.075,0.333333333333333,1,NA,NA,NA,NA,NA,2,0.00943396226415094,1,NA,0.25,NA,"pl_g sl_g"
"spark","spark",5,"s","p","a","r","k",NA,NA,NA,NA,0.188679245283019,0.033175355450237,0.111675126903553,0.0573770491803279,0.0526315789473684,NA,NA,NA,NA,0.443538355764505,0.0887076711529011,"sp","pa","ar","rk",NA,NA,NA,NA,0.018957345971564,0.0152284263959391,0.0491803278688525,0.0175438596491228,NA,NA,NA,NA,0.100909959885478,0.0252274899713696,0.188679245283019,0.1,0.5,0.5,1,NA,NA,NA,NA,2,0.00943396226415094,1,NA,0.2,NA,"park spark"
"spat","spat",4,"s","p","a","t",NA,NA,NA,NA,NA,0.188679245283019,0.033175355450237,0.111675126903553,0.131147540983607,NA,NA,NA,NA,NA,0.464677268620416,0.116169317155104,"sp","pa","at",NA,NA,NA,NA,NA,0.018957345971564,0.0152284263959391,0.0327868852459016,NA,NA,NA,NA,NA,0.0669726576134047,0.0223242192044682,0.188679245283019,0.1,0.5,0.5,NA,NA,NA,NA,NA,2,0.00943396226415094,1,NA,0.25,NA,"pat spat"
"spid","spid",4,"s","p","i","d",NA,NA,NA,NA,NA,0.188679245283019,0.033175355450237,0.0761421319796954,0.0901639344262295,NA,NA,NA,NA,NA,0.388160667139181,0.0970401667847952,"sp","pi","id",NA,NA,NA,NA,NA,0.018957345971564,0.0152284263959391,0.0163934426229508,NA,NA,NA,NA,NA,0.0505792149904539,0.0168597383301513,0.188679245283019,0.1,0.5,0.5,NA,NA,NA,NA,NA,3,0.0141509433962264,3,1.4142135623731,0.75,0.353553390593274,"sid spid spik"
"spik","spik",4,"s","p","i","k",NA,NA,NA,NA,NA,0.188679245283019,0.033175355450237,0.0761421319796954,0.0737704918032787,NA,NA,NA,NA,NA,0.37176722451623,0.0929418061290575,"sp","pi","ik",NA,NA,NA,NA,NA,0.018957345971564,0.0152284263959391,0.0163934426229508,NA,NA,NA,NA,NA,0.0505792149904539,0.0168597383301513,0.188679245283019,0.1,0.5,0.5,NA,NA,NA,NA,NA,4,0.0188679245283019,2.33333333333333,1.52752523165195,0.583333333333333,0.381881307912987,"pik sik spid spik"
"stak","stak",4,"s","t","a","k",NA,NA,NA,NA,NA,0.188679245283019,0.0710900473933649,0.111675126903553,0.0737704918032787,NA,NA,NA,NA,NA,0.445214911383216,0.111303727845804,"st","ta","ak",NA,NA,NA,NA,NA,0.0663507109004739,0.0253807106598985,0.0245901639344262,NA,NA,NA,NA,NA,0.116321585494799,0.0387738618315995,0.188679245283019,0.35,0.357142857142857,0.2,NA,NA,NA,NA,NA,3,0.0141509433962264,4,0,1,0,"stak stap star"
"stap","stap",4,"s","t","a","p",NA,NA,NA,NA,NA,0.188679245283019,0.0710900473933649,0.111675126903553,0.0983606557377049,NA,NA,NA,NA,NA,0.469805075317642,0.117451268829411,"st","ta","ap",NA,NA,NA,NA,NA,0.0663507109004739,0.0253807106598985,0.0327868852459016,NA,NA,NA,NA,NA,0.124518306806274,0.041506102268758,0.188679245283019,0.35,0.357142857142857,0.2,NA,NA,NA,NA,NA,5,0.0235849056603774,3,1.4142135623731,0.75,0.353553390593274,"stak stap star stip tap"
"star","star",4,"s","t","a","r",NA,NA,NA,NA,NA,0.188679245283019,0.0710900473933649,0.111675126903553,0.0573770491803279,NA,NA,NA,NA,NA,0.428821468760265,0.107205367190066,"st","ta","ar",NA,NA,NA,NA,NA,0.0663507109004739,0.0253807106598985,0.0491803278688525,NA,NA,NA,NA,NA,0.140911749429225,0.046970583143075,0.188679245283019,0.35,0.357142857142857,0.6,NA,NA,NA,NA,NA,6,0.0283018867924528,3.1,1.51657508881031,0.775,0.379143772202578,"skar stak stap star start tar"
"start","start",5,"s","t","a","r","t",NA,NA,NA,NA,0.188679245283019,0.0710900473933649,0.111675126903553,0.0573770491803279,0.210526315789474,NA,NA,NA,NA,0.639347784549739,0.127869556909948,"st","ta","ar","rt",NA,NA,NA,NA,0.0663507109004739,0.0253807106598985,0.0491803278688525,0.0526315789473684,NA,NA,NA,NA,0.193543328376593,0.0483858320941483,0.188679245283019,0.35,0.357142857142857,0.6,0.666666666666667,NA,NA,NA,NA,2,0.00943396226415094,5,NA,1,NA,"star start"
"start^l","start_l",7,"s","t","a","r","t","_","l",NA,NA,0.188679245283019,0.0710900473933649,0.111675126903553,0.0573770491803279,0.210526315789474,0.230769230769231,0.454545454545455,NA,NA,1.32466246986442,0.189237495694918,"st","ta","ar","rt","t_","_l",NA,NA,0.0663507109004739,0.0253807106598985,0.0491803278688525,0.0526315789473684,0.0769230769230769,0.363636363636364,NA,NA,0.634102768936034,0.105683794822672,0.188679245283019,0.35,0.357142857142857,0.6,0.666666666666667,0.5,1,NA,NA,1,0.00471698113207547,NA,NA,NA,NA,"start_l"
"stil","stil",4,"s","t","i","l",NA,NA,NA,NA,NA,0.188679245283019,0.0710900473933649,0.0761421319796954,0.040983606557377,NA,NA,NA,NA,NA,0.376895031213456,0.0942237578033641,"st","ti","il",NA,NA,NA,NA,NA,0.0663507109004739,0.0101522842639594,0.0163934426229508,NA,NA,NA,NA,NA,0.0928964377873842,0.0309654792624614,0.188679245283019,0.35,0.142857142857143,0.5,NA,NA,NA,NA,NA,3,0.0141509433962264,3,1.4142135623731,0.75,0.353553390593274,"sil stil stip"
"stip","stip",4,"s","t","i","p",NA,NA,NA,NA,NA,0.188679245283019,0.0710900473933649,0.0761421319796954,0.0983606557377049,NA,NA,NA,NA,NA,0.434272080393784,0.108568020098446,"st","ti","ip",NA,NA,NA,NA,NA,0.0663507109004739,0.0101522842639594,0.0245901639344262,NA,NA,NA,NA,NA,0.10109315909886,0.0336977196996198,0.188679245283019,0.35,0.142857142857143,0.5,NA,NA,NA,NA,NA,4,0.0188679245283019,3,1,0.75,0.25,"slip stap stil stip"
"strik","strik",5,"s","t","r","i","k",NA,NA,NA,NA,0.188679245283019,0.0710900473933649,0.126903553299492,0.131147540983607,0.0526315789473684,NA,NA,NA,NA,0.570451965906851,0.11409039318137,"st","tr","ri","ik",NA,NA,NA,NA,0.0663507109004739,0.0203045685279188,0.0327868852459016,0.0175438596491228,NA,NA,NA,NA,0.136986024323417,0.0342465060808543,0.188679245283019,0.35,0.285714285714286,0.5,0.5,NA,NA,NA,NA,3,0.0141509433962264,4.5,0.707106781186548,0.9,0.14142135623731,"strik strit str_k"
"strit","strit",5,"s","t","r","i","t",NA,NA,NA,NA,0.188679245283019,0.0710900473933649,0.126903553299492,0.131147540983607,0.210526315789474,NA,NA,NA,NA,0.728346702748956,0.145669340549791,"st","tr","ri","it",NA,NA,NA,NA,0.0663507109004739,0.0203045685279188,0.0327868852459016,0.0175438596491228,NA,NA,NA,NA,0.136986024323417,0.0342465060808543,0.188679245283019,0.35,0.285714285714286,0.5,0.5,NA,NA,NA,NA,3,0.0141509433962264,3,2.82842712474619,0.6,0.565685424949238,"strik strit trit"
"str^g^l","str_g_l",7,"s","t","r","_","g","_","l",NA,NA,0.188679245283019,0.0710900473933649,0.126903553299492,0.180327868852459,0.0350877192982456,0.230769230769231,0.454545454545455,NA,NA,1.28740311944127,0.183914731348752,"st","tr","r_","_g","g_","_l",NA,NA,0.0663507109004739,0.0203045685279188,0.0245901639344262,0.0175438596491228,0.0384615384615385,0.363636363636364,NA,NA,0.530887205109844,0.0884812008516406,0.188679245283019,0.35,0.285714285714286,0.5,0.5,1,1,NA,NA,1,0.00471698113207547,NA,NA,NA,NA,"str_g_l"
"str^k","str_k",5,"s","t","r","_","k",NA,NA,NA,NA,0.188679245283019,0.0710900473933649,0.126903553299492,0.180327868852459,0.0526315789473684,NA,NA,NA,NA,0.619632293775704,0.123926458755141,"st","tr","r_","_k",NA,NA,NA,NA,0.0663507109004739,0.0203045685279188,0.0245901639344262,0.0175438596491228,NA,NA,NA,NA,0.128789303011942,0.0321973257529854,0.188679245283019,0.35,0.285714285714286,0.5,0.5,NA,NA,NA,NA,3,0.0141509433962264,2.5,2.12132034355964,0.5,0.424264068711928,"strik str_k tr_k"
"stup^d","stup_d",6,"s","t","u","p","_","d",NA,NA,NA,0.188679245283019,0.0710900473933649,0.0761421319796954,0.0983606557377049,0.192982456140351,0.115384615384615,NA,NA,NA,0.74263915191875,0.123773191986458,"st","tu","up","p_","_d",NA,NA,NA,0.0663507109004739,0.0050761421319797,0.0245901639344262,0.0350877192982456,0.0384615384615385,NA,NA,NA,0.169566274726664,0.0339132549453328,0.188679245283019,0.35,0.0714285714285714,1,1,1,NA,NA,NA,1,0.00471698113207547,NA,NA,NA,NA,"stup_d"
"st^di","st_di",5,"s","t","_","d","i",NA,NA,NA,NA,0.188679245283019,0.0710900473933649,0.0812182741116751,0.0901639344262295,0.105263157894737,NA,NA,NA,NA,0.536414659109025,0.107282931821805,"st","t_","_d","di",NA,NA,NA,NA,0.0663507109004739,0.0101522842639594,0.0245901639344262,0.0350877192982456,NA,NA,NA,NA,0.136180878397105,0.0340452195992763,0.188679245283019,0.35,0.142857142857143,1,1,NA,NA,NA,NA,2,0.00943396226415094,5.5,NA,1.1,NA,"st_di st_did"
"st^did","st_did",6,"s","t","_","d","i","d",NA,NA,NA,0.188679245283019,0.0710900473933649,0.0812182741116751,0.0901639344262295,0.105263157894737,0.115384615384615,NA,NA,NA,0.651799274493641,0.108633212415607,"st","t_","_d","di","id",NA,NA,NA,0.0663507109004739,0.0101522842639594,0.0245901639344262,0.0350877192982456,0.0769230769230769,NA,NA,NA,0.213103955320182,0.0426207910640364,0.188679245283019,0.35,0.142857142857143,1,1,0.5,NA,NA,NA,2,0.00943396226415094,6,NA,1,NA,"st_di st_did"
"su","su",2,"s","u",NA,NA,NA,NA,NA,NA,NA,0.188679245283019,0.0853080568720379,NA,NA,NA,NA,NA,NA,NA,0.273987302155057,0.136993651077528,"su",NA,NA,NA,NA,NA,NA,NA,0.014218009478673,NA,NA,NA,NA,NA,NA,NA,0.014218009478673,0.014218009478673,0.188679245283019,0.075,NA,NA,NA,NA,NA,NA,NA,5,0.0235849056603774,1.625,0.75,0.8125,0.375,"du si su sut tu"
"sut","sut",3,"s","u","t",NA,NA,NA,NA,NA,NA,0.188679245283019,0.0853080568720379,0.121827411167513,NA,NA,NA,NA,NA,NA,0.39581471332257,0.13193823777419,"su","ut",NA,NA,NA,NA,NA,NA,0.014218009478673,0.0304568527918782,NA,NA,NA,NA,NA,NA,0.0446748622705512,0.0223374311352756,0.188679245283019,0.075,0.666666666666667,NA,NA,NA,NA,NA,NA,6,0.0283018867924528,1.6,0.894427190999916,0.533333333333333,0.298142396999972,"but Sut rut sit su sut"
"sut^b^l","sut_b_l",7,"s","u","t","_","b","_","l",NA,NA,0.188679245283019,0.0853080568720379,0.121827411167513,0.180327868852459,0.0526315789473684,0.230769230769231,0.454545454545455,NA,NA,1.31408884643708,0.18772697806244,"su","ut","t_","_b","b_","_l",NA,NA,0.014218009478673,0.0304568527918782,0.0327868852459016,0.0526315789473684,0.0769230769230769,0.363636363636364,NA,NA,0.570652767023262,0.095108794503877,0.188679245283019,0.075,0.666666666666667,0.5,1,1,1,NA,NA,1,0.00471698113207547,NA,NA,NA,NA,"sut_b_l"
"s^bst^tut","s_bst_tut",9,"s","_","b","s","t","_","t","u","t",0.188679245283019,0.123222748815166,0.0456852791878173,0.0573770491803279,0.210526315789474,0.230769230769231,0.181818181818182,0.333333333333333,1,2.37141138417655,0.263490153797394,"s_","_b","bs","st","t_","_t","tu","ut",0.018957345971564,0.0203045685279188,0.00819672131147541,0.0701754385964912,0.0769230769230769,0.0909090909090909,0.333333333333333,1,1.61879957557295,0.202349946946619,0.188679245283019,0.1,0.25,1,1,1,1,1,1,1,0.00471698113207547,NA,NA,NA,NA,"s_bst_tut"
"s^k","s_k",3,"s","_","k",NA,NA,NA,NA,NA,NA,0.188679245283019,0.123222748815166,0.0862944162436548,NA,NA,NA,NA,NA,NA,0.39819641034184,0.132732136780613,"s_","_k",NA,NA,NA,NA,NA,NA,0.018957345971564,0.0355329949238579,NA,NA,NA,NA,NA,NA,0.0544903408954219,0.0272451704477109,0.188679245283019,0.1,0.5,NA,NA,NA,NA,NA,NA,5,0.0235849056603774,1.25,0.5,0.416666666666667,0.166666666666667,"b_k d_k l_k sik s_k"
"s^ksid","s_ksid",6,"s","_","k","s","i","d",NA,NA,NA,0.188679245283019,0.123222748815166,0.0862944162436548,0.0573770491803279,0.105263157894737,0.115384615384615,NA,NA,NA,0.67622123280152,0.112703538800253,"s_","_k","ks","si","id",NA,NA,NA,0.018957345971564,0.0355329949238579,0.0163934426229508,0.0175438596491228,0.0769230769230769,NA,NA,NA,0.165350720090572,0.0330701440181145,0.188679245283019,0.1,0.5,0.5,1,1,NA,NA,NA,1,0.00471698113207547,NA,NA,NA,NA,"s_ksid"
"s^t^l","s_t_l",5,"s","_","t","_","l",NA,NA,NA,NA,0.188679245283019,0.123222748815166,0.121827411167513,0.180327868852459,0.175438596491228,NA,NA,NA,NA,0.789495870609385,0.157899174121877,"s_","_t","t_","_l",NA,NA,NA,NA,0.018957345971564,0.0304568527918782,0.0327868852459016,0.157894736842105,NA,NA,NA,NA,0.240095820851449,0.0600239552128623,0.188679245283019,0.1,0.25,1,1,NA,NA,NA,NA,1,0.00471698113207547,NA,NA,NA,NA,"s_t_l"
"tap","tap",3,"t","a","p",NA,NA,NA,NA,NA,NA,0.0849056603773585,0.232227488151659,0.0761421319796954,NA,NA,NA,NA,NA,NA,0.393275280508713,0.131091760169571,"ta","ap",NA,NA,NA,NA,NA,NA,0.014218009478673,0.0304568527918782,NA,NA,NA,NA,NA,NA,0.0446748622705512,0.0223374311352756,0.0849056603773585,0.166666666666667,0.333333333333333,NA,NA,NA,NA,NA,NA,6,0.0283018867924528,1.3,0.974679434480896,0.433333333333333,0.324893144826965,"Sap kap pap stap tap tar"
"tar","tar",3,"t","a","r",NA,NA,NA,NA,NA,NA,0.0849056603773585,0.232227488151659,0.126903553299492,NA,NA,NA,NA,NA,NA,0.44403670182851,0.148012233942837,"ta","ar",NA,NA,NA,NA,NA,NA,0.014218009478673,0.0913705583756345,NA,NA,NA,NA,NA,NA,0.105588567854307,0.0527942839271537,0.0849056603773585,0.166666666666667,0.666666666666667,NA,NA,NA,NA,NA,NA,7,0.0330188679245283,1.25,0.88034084308295,0.416666666666667,0.293446947694317,"ar bar kar par star tap tar"
"targ^t","targ_t",6,"t","a","r","g","_","t",NA,NA,NA,0.0849056603773585,0.232227488151659,0.126903553299492,0.0491803278688525,0.192982456140351,0.192307692307692,NA,NA,NA,0.878507178145405,0.146417863024234,"ta","ar","rg","g_","_t",NA,NA,NA,0.014218009478673,0.0913705583756345,0.00819672131147541,0.0175438596491228,0.115384615384615,NA,NA,NA,0.246713764199521,0.0493427528399042,0.0849056603773585,0.166666666666667,0.666666666666667,0.5,1,1,NA,NA,NA,1,0.00471698113207547,NA,NA,NA,NA,"targ_t"
"ti","ti",2,"t","i",NA,NA,NA,NA,NA,NA,NA,0.0849056603773585,0.151658767772512,NA,NA,NA,NA,NA,NA,NA,0.23656442814987,0.118282214074935,"ti",NA,NA,NA,NA,NA,NA,NA,0.004739336492891,NA,NA,NA,NA,NA,NA,NA,0.004739336492891,0.004739336492891,0.0849056603773585,0.0555555555555556,NA,NA,NA,NA,NA,NA,NA,8,0.0377358490566038,1.21428571428571,0.393397896234722,0.607142857142857,0.196698948117361,"bi Si ki pi si ti tri tu"
"trat","trat",4,"t","r","a","t",NA,NA,NA,NA,NA,0.0849056603773585,0.180094786729858,0.111675126903553,0.131147540983607,NA,NA,NA,NA,NA,0.507823114994376,0.126955778748594,"tr","ra","at",NA,NA,NA,NA,NA,0.0521327014218009,0.0406091370558376,0.0327868852459016,NA,NA,NA,NA,NA,0.12552872372354,0.0418429079078467,0.0849056603773585,0.611111111111111,0.0909090909090909,1,NA,NA,NA,NA,NA,2,0.00943396226415094,3,NA,0.75,NA,"trat trit"
"tri","tri",3,"t","r","i",NA,NA,NA,NA,NA,NA,0.0849056603773585,0.180094786729858,0.0761421319796954,NA,NA,NA,NA,NA,NA,0.341142579086912,0.113714193028971,"tr","ri",NA,NA,NA,NA,NA,NA,0.0521327014218009,0.0406091370558376,NA,NA,NA,NA,NA,NA,0.0927418384776385,0.0463709192388193,0.0849056603773585,0.611111111111111,0.272727272727273,NA,NA,NA,NA,NA,NA,4,0.0188679245283019,2.83333333333333,0.763762615825973,0.944444444444445,0.254587538608658,"ti tri trit tru"
"trit","trit",4,"t","r","i","t",NA,NA,NA,NA,NA,0.0849056603773585,0.180094786729858,0.0761421319796954,0.131147540983607,NA,NA,NA,NA,NA,0.472290120070518,0.11807253001763,"tr","ri","it",NA,NA,NA,NA,NA,0.0521327014218009,0.0406091370558376,0.0327868852459016,NA,NA,NA,NA,NA,0.12552872372354,0.0418429079078467,0.0849056603773585,0.611111111111111,0.272727272727273,0.666666666666667,NA,NA,NA,NA,NA,6,0.0283018867924528,2.6,1.78185296812055,0.65,0.445463242030137,"grit strit trat tri trit triti"
"triti","triti",5,"t","r","i","t","i",NA,NA,NA,NA,0.0849056603773585,0.180094786729858,0.0761421319796954,0.131147540983607,0.105263157894737,NA,NA,NA,NA,0.577553277965255,0.115510655593051,"tr","ri","it","ti",NA,NA,NA,NA,0.0521327014218009,0.0406091370558376,0.0327868852459016,0.0350877192982456,NA,NA,NA,NA,0.160616443021786,0.0401541107554464,0.0849056603773585,0.611111111111111,0.272727272727273,0.666666666666667,0.5,NA,NA,NA,NA,2,0.00943396226415094,5,NA,1,NA,"trit triti"
"tru","tru",3,"t","r","u",NA,NA,NA,NA,NA,NA,0.0849056603773585,0.180094786729858,0.0761421319796954,NA,NA,NA,NA,NA,NA,0.341142579086912,0.113714193028971,"tr","ru",NA,NA,NA,NA,NA,NA,0.0521327014218009,0.050761421319797,NA,NA,NA,NA,NA,NA,0.102894122741598,0.0514470613707989,0.0849056603773585,0.611111111111111,0.272727272727273,NA,NA,NA,NA,NA,NA,7,0.0330188679245283,1.91666666666667,1.11430097669645,0.638888888888889,0.371433658898817,"dru gru kru tri tru trup tu"
"truli","truli",5,"t","r","u","l","i",NA,NA,NA,NA,0.0849056603773585,0.180094786729858,0.0761421319796954,0.040983606557377,0.105263157894737,NA,NA,NA,NA,0.487389343539026,0.0974778687078051,"tr","ru","ul","li",NA,NA,NA,NA,0.0521327014218009,0.050761421319797,0.0163934426229508,0.0175438596491228,NA,NA,NA,NA,0.136831425013672,0.0342078562534179,0.0849056603773585,0.611111111111111,0.272727272727273,0.333333333333333,1,NA,NA,NA,NA,1,0.00471698113207547,NA,NA,NA,NA,"truli"
"trup","trup",4,"t","r","u","p",NA,NA,NA,NA,NA,0.0849056603773585,0.180094786729858,0.0761421319796954,0.0983606557377049,NA,NA,NA,NA,NA,0.439503234824617,0.109875808706154,"tr","ru","up",NA,NA,NA,NA,NA,0.0521327014218009,0.050761421319797,0.0245901639344262,NA,NA,NA,NA,NA,0.127484286676024,0.0424947622253414,0.0849056603773585,0.611111111111111,0.272727272727273,0.333333333333333,NA,NA,NA,NA,NA,3,0.0141509433962264,2.5,2.12132034355964,0.625,0.530330085889911,"grup tru trup"
"tr^b^l","tr_b_l",6,"t","r","_","b","_","l",NA,NA,NA,0.0849056603773585,0.180094786729858,0.0812182741116751,0.0327868852459016,0.192982456140351,0.153846153846154,NA,NA,NA,0.725834216451298,0.12097236940855,"tr","r_","_b","b_","_l",NA,NA,NA,0.0521327014218009,0.0406091370558376,0.0163934426229508,0.0526315789473684,0.115384615384615,NA,NA,NA,0.277151475432573,0.0554302950865146,0.0849056603773585,0.611111111111111,0.363636363636364,0.25,1,1,NA,NA,NA,1,0.00471698113207547,NA,NA,NA,NA,"tr_b_l"
"tr^k","tr_k",4,"t","r","_","k",NA,NA,NA,NA,NA,0.0849056603773585,0.180094786729858,0.0812182741116751,0.0737704918032787,NA,NA,NA,NA,NA,0.41998921302217,0.104997303255543,"tr","r_","_k",NA,NA,NA,NA,NA,0.0521327014218009,0.0406091370558376,0.00819672131147541,NA,NA,NA,NA,NA,0.100938559789114,0.0336461865963713,0.0849056603773585,0.611111111111111,0.363636363636364,0.25,NA,NA,NA,NA,NA,2,0.00943396226415094,0.5,NA,0.125,NA,"str_k tr_k"
"tr^st","tr_st",5,"t","r","_","s","t",NA,NA,NA,NA,0.0849056603773585,0.180094786729858,0.0812182741116751,0.0573770491803279,0.210526315789474,NA,NA,NA,NA,0.614122086188693,0.122824417237739,"tr","r_","_s","st",NA,NA,NA,NA,0.0521327014218009,0.0406091370558376,0.0245901639344262,0.0701754385964912,NA,NA,NA,NA,0.187507441008556,0.046876860252139,0.0849056603773585,0.611111111111111,0.363636363636364,0.5,1,NA,NA,NA,NA,2,0.00943396226415094,5.5,NA,1.1,NA,"tr_st tr_sti"
"tr^sti","tr_sti",6,"t","r","_","s","t","i",NA,NA,NA,0.0849056603773585,0.180094786729858,0.0812182741116751,0.0573770491803279,0.210526315789474,0.115384615384615,NA,NA,NA,0.729506701573308,0.121584450262218,"tr","r_","_s","st","ti",NA,NA,NA,0.0521327014218009,0.0406091370558376,0.0245901639344262,0.0701754385964912,0.0384615384615385,NA,NA,NA,0.225968979470094,0.0451937958940189,0.0849056603773585,0.611111111111111,0.363636363636364,0.5,1,0.5,NA,NA,NA,2,0.00943396226415094,6,NA,1,NA,"tr_st tr_sti"
"tu","tu",2,"t","u",NA,NA,NA,NA,NA,NA,NA,0.0849056603773585,0.0853080568720379,NA,NA,NA,NA,NA,NA,NA,0.170213717249396,0.0851068586246982,"tu",NA,NA,NA,NA,NA,NA,NA,0.014218009478673,NA,NA,NA,NA,NA,NA,NA,0.014218009478673,0.014218009478673,0.0849056603773585,0.166666666666667,NA,NA,NA,NA,NA,NA,NA,7,0.0330188679245283,1.75,0.689202437604511,0.875,0.344601218802256,"du su ti tru tu tub tul"
"tub","tub",3,"t","u","b",NA,NA,NA,NA,NA,NA,0.0849056603773585,0.0853080568720379,0.0456852791878173,NA,NA,NA,NA,NA,NA,0.215898996437214,0.0719663321457379,"tu","ub",NA,NA,NA,NA,NA,NA,0.014218009478673,0.0050761421319797,NA,NA,NA,NA,NA,NA,0.0192941516106527,0.00964707580532634,0.0849056603773585,0.166666666666667,0.333333333333333,NA,NA,NA,NA,NA,NA,3,0.0141509433962264,3,0,1,0,"tu tub tul"
"tul","tul",3,"t","u","l",NA,NA,NA,NA,NA,NA,0.0849056603773585,0.0853080568720379,0.0862944162436548,NA,NA,NA,NA,NA,NA,0.256508133493051,0.0855027111643504,"tu","ul",NA,NA,NA,NA,NA,NA,0.014218009478673,0.0203045685279188,NA,NA,NA,NA,NA,NA,0.0345225780065918,0.0172612890032959,0.0849056603773585,0.166666666666667,0.333333333333333,NA,NA,NA,NA,NA,NA,6,0.0283018867924528,1.8,1.09544511501033,0.6,0.365148371670111,"kul pul rul tu tub tul"
"^","_",1,"_",NA,NA,NA,NA,NA,NA,NA,NA,0.0566037735849057,NA,NA,NA,NA,NA,NA,NA,NA,0.0566037735849057,0.0566037735849057,NA,NA,NA,NA,NA,NA,NA,NA,NA,NA,NA,NA,NA,NA,NA,NA,0,NA,0.0566037735849057,NA,NA,NA,NA,NA,NA,NA,NA,3,0.0141509433962264,1.5,0,1.5,0,"_ _p _s"
"^br^pt","_br_pt",6,"_","b","r","_","p","t",NA,NA,NA,0.0566037735849057,0.004739336492891,0.126903553299492,0.180327868852459,0.0350877192982456,0.192307692307692,NA,NA,NA,0.595969943835686,0.0993283239726143,"_b","br","r_","_p","pt",NA,NA,NA,0.004739336492891,0.0050761421319797,0.0245901639344262,0.0175438596491228,0.0384615384615385,NA,NA,NA,0.0904110406699582,0.0180822081339916,0.0566037735849057,0.0833333333333333,1,1,1,1,NA,NA,NA,1,0.00471698113207547,NA,NA,NA,NA,"_br_pt"
"^dapt","_dapt",5,"_","d","a","p","t",NA,NA,NA,NA,0.0566037735849057,0.014218009478673,0.111675126903553,0.0983606557377049,0.210526315789474,NA,NA,NA,NA,0.491383881494311,0.0982767762988621,"_d","da","ap","pt",NA,NA,NA,NA,0.00947867298578199,0.0050761421319797,0.0327868852459016,0.0175438596491228,NA,NA,NA,NA,0.0648855600127861,0.0162213900031965,0.0566037735849057,0.166666666666667,0.5,1,1,NA,NA,NA,NA,1,0.00471698113207547,NA,NA,NA,NA,"_dapt"
"^d^lt","_d_lt",5,"_","d","_","l","t",NA,NA,NA,NA,0.0566037735849057,0.014218009478673,0.0812182741116751,0.040983606557377,0.210526315789474,NA,NA,NA,NA,0.403549979522104,0.0807099959044209,"_d","d_","_l","lt",NA,NA,NA,NA,0.00947867298578199,0.0050761421319797,0.00819672131147541,0.0175438596491228,NA,NA,NA,NA,0.0402953960783599,0.01007384901959,0.0566037735849057,0.166666666666667,0.5,1,1,NA,NA,NA,NA,1,0.00471698113207547,NA,NA,NA,NA,"_d_lt"
"^gli","_gli",4,"_","g","l","i",NA,NA,NA,NA,NA,0.0566037735849057,0.00947867298578199,0.0862944162436548,0.131147540983607,NA,NA,NA,NA,NA,0.283524403797949,0.0708811009494873,"_g","gl","li",NA,NA,NA,NA,NA,0.00947867298578199,0.0050761421319797,0.040983606557377,NA,NA,NA,NA,NA,0.0555384216751387,0.0185128072250462,0.0566037735849057,0.166666666666667,0.5,1,NA,NA,NA,NA,NA,2,0.00943396226415094,3,NA,0.75,NA,"_gli _gri"
"^gri","_gri",4,"_","g","r","i",NA,NA,NA,NA,NA,0.0566037735849057,0.00947867298578199,0.126903553299492,0.131147540983607,NA,NA,NA,NA,NA,0.324133540853787,0.0810333852134466,"_g","gr","ri",NA,NA,NA,NA,NA,0.00947867298578199,0.0050761421319797,0.0327868852459016,NA,NA,NA,NA,NA,0.0473417003636633,0.0157805667878878,0.0566037735849057,0.166666666666667,0.5,1,NA,NA,NA,NA,NA,2,0.00943396226415094,3,NA,0.75,NA,"_gli _gri"
"^lat","_lat",4,"_","l","a","t",NA,NA,NA,NA,NA,0.0566037735849057,0.0663507109004739,0.111675126903553,0.131147540983607,NA,NA,NA,NA,NA,0.365777152372539,0.0914442880931349,"_l","la","at",NA,NA,NA,NA,NA,0.004739336492891,0.0203045685279188,0.0327868852459016,NA,NA,NA,NA,NA,0.0578307902667114,0.0192769300889038,0.0566037735849057,0.0833333333333333,1,1,NA,NA,NA,NA,NA,3,0.0141509433962264,1,0,0.25,0,"lat plat _lat"
"^p","_p",2,"_","p",NA,NA,NA,NA,NA,NA,NA,0.0566037735849057,0.033175355450237,NA,NA,NA,NA,NA,NA,NA,0.0897791290351426,0.0448895645175713,"_p",NA,NA,NA,NA,NA,NA,NA,0.014218009478673,NA,NA,NA,NA,NA,NA,NA,0.014218009478673,0.014218009478673,0.0566037735849057,0.25,NA,NA,NA,NA,NA,NA,NA,4,0.0188679245283019,1.5,0.866025403784439,0.75,0.433012701892219,"k_p _ _p _s"
"^part","_part",5,"_","p","a","r","t",NA,NA,NA,NA,0.0566037735849057,0.033175355450237,0.111675126903553,0.0573770491803279,0.210526315789474,NA,NA,NA,NA,0.469357620908497,0.0938715241816995,"_p","pa","ar","rt",NA,NA,NA,NA,0.014218009478673,0.0152284263959391,0.0491803278688525,0.0526315789473684,NA,NA,NA,NA,0.131258342690833,0.0328145856727082,0.0566037735849057,0.25,0.333333333333333,1,1,NA,NA,NA,NA,2,0.00943396226415094,1,NA,0.2,NA,"part _part"
"^pil","_pil",4,"_","p","i","l",NA,NA,NA,NA,NA,0.0566037735849057,0.033175355450237,0.0761421319796954,0.040983606557377,NA,NA,NA,NA,NA,0.206904867572215,0.0517262168930538,"_p","pi","il",NA,NA,NA,NA,NA,0.014218009478673,0.0152284263959391,0.0163934426229508,NA,NA,NA,NA,NA,0.0458398784975629,0.0152799594991876,0.0566037735849057,0.25,0.333333333333333,1,NA,NA,NA,NA,NA,1,0.00471698113207547,NA,NA,NA,NA,"_pil"
"^s","_s",2,"_","s",NA,NA,NA,NA,NA,NA,NA,0.0566037735849057,0.014218009478673,NA,NA,NA,NA,NA,NA,NA,0.0708217830635786,0.0354108915317893,"_s",NA,NA,NA,NA,NA,NA,NA,0.00947867298578199,NA,NA,NA,NA,NA,NA,NA,0.00947867298578199,0.00947867298578199,0.0566037735849057,0.166666666666667,NA,NA,NA,NA,NA,NA,NA,4,0.0188679245283019,1.5,0.866025403784439,0.75,0.433012701892219,"b_s _ _p _s"
"^slip","_slip",5,"_","s","l","i","p",NA,NA,NA,NA,0.0566037735849057,0.014218009478673,0.0862944162436548,0.131147540983607,0.0350877192982456,NA,NA,NA,NA,0.323351459589086,0.0646702919178171,"_s","sl","li","ip",NA,NA,NA,NA,0.00947867298578199,0.0050761421319797,0.040983606557377,0.0175438596491228,NA,NA,NA,NA,0.0730822813242615,0.0182705703310654,0.0566037735849057,0.166666666666667,0.5,1,1,NA,NA,NA,NA,2,0.00943396226415094,1,NA,0.2,NA,"slip _slip"
